entry_no,file_handle,name,formula,charge,dG_solv_kcal,dG_solv_kJ,type,SASA_H,SASA_C,SASA_HC,SASA_CC,SASA_HO,SASA_HN,SASA_O,SASA_N,SASA_F,SASA_Cl,SASA_Br,SASA_I,SASA_S,SASA_total
2093,0001met,methane,H4C1,0,2.0,8.37,abs,51.962,18.185,35.074,0.0,0.0,0.0,0.0,0.0,0.0,0.0,0.0,0.0,0.0,70.146
2094,0002eth,ethane,H6C2,0,1.83,7.66,abs,77.127,20.282,51.988,12.452,0.0,0.0,0.0,0.0,0.0,0.0,0.0,0.0,0.0,97.41
2095,0003pro,n-propane,H8C3,0,1.96,8.2,abs,99.322,22.641,66.901,16.684,0.0,0.0,0.0,0.0,0.0,0.0,0.0,0.0,0.0,121.963
2096,0004nbu,n-butane,H10C4,0,2.08,8.7,abs,121.047,25.309,81.503,19.955,0.0,0.0,0.0,0.0,0.0,0.0,0.0,0.0,0.0,146.356
2097,0005npe,n-pentane,H12C5,0,2.33,9.75,abs,142.678,28.033,96.048,23.286,0.0,0.0,0.0,0.0,0.0,0.0,0.0,0.0,0.0,170.711
2098,0006nhe,n-hexane,H14C6,0,2.49,10.42,abs,164.387,30.708,110.642,26.579,0.0,0.0,0.0,0.0,0.0,0.0,0.0,0.0,0.0,195.095
2099,0007nhe,n-heptane,H16C7,0,2.62,10.96,abs,186.066,33.38,125.206,29.873,0.0,0.0,0.0,0.0,0.0,0.0,0.0,0.0,0.0,219.446
2100,0008noc,n-octane,H18C8,0,2.89,12.09,abs,207.769,36.077,139.807,33.185,0.0,0.0,0.0,0.0,0.0,0.0,0.0,0.0,0.0,243.846
2101,0010met,2-methylpropane,H10C4,0,2.32,9.71,abs,118.32,25.092,79.672,16.87,0.0,0.0,0.0,0.0,0.0,0.0,0.0,0.0,0.0,143.412
2102,0011dim,"2,2-dimethylpropane",H12C5,0,2.5,10.46,abs,134.107,27.467,90.299,16.806,0.0,0.0,0.0,0.0,0.0,0.0,0.0,0.0,0.0,161.575
2103,0012met,2-methylpentane,H14C6,0,2.52,10.54,abs,156.27,30.4,105.207,23.216,0.0,0.0,0.0,0.0,0.0,0.0,0.0,0.0,0.0,186.67
2104,0013dim,"2,4-dimethylpentane",H16C7,0,2.88,12.05,abs,172.054,33.033,115.807,22.95,0.0,0.0,0.0,0.0,0.0,0.0,0.0,0.0,0.0,205.086
2105,0014tri,"2,2,4-trimethylpentane",H18C8,0,2.85,11.92,abs,182.802,35.275,123.065,23.077,0.0,0.0,0.0,0.0,0.0,0.0,0.0,0.0,0.0,218.077
2106,0016cyc,cyclopropane,H6C3,0,0.75,3.14,abs,77.38,31.424,52.425,39.355,0.0,0.0,0.0,0.0,0.0,0.0,0.0,0.0,0.0,108.805
2107,0017cyc,cyclopentane,H10C5,0,1.2,5.02,abs,124.527,24.945,83.907,30.304,0.0,0.0,0.0,0.0,0.0,0.0,0.0,0.0,0.0,149.472
2108,0018cyc,cyclohexane,H12C6,0,1.23,5.15,abs,143.245,23.821,96.383,29.172,0.0,0.0,0.0,0.0,0.0,0.0,0.0,0.0,0.0,167.066
2109,0019met,methylcyclohexane,H14C7,0,1.71,7.15,abs,161.589,26.737,108.713,28.353,0.0,0.0,0.0,0.0,0.0,0.0,0.0,0.0,0.0,188.326
2110,0020cis,"cis-1,2-dimethylcyclohexane",H16C8,0,1.58,6.61,abs,173.123,29.346,116.507,28.11,0.0,0.0,0.0,0.0,0.0,0.0,0.0,0.0,0.0,202.47
2111,0021eth,ethene,H4C2,0,1.27,5.31,abs,51.723,35.694,34.995,25.511,0.0,0.0,0.0,0.0,0.0,0.0,0.0,0.0,0.0,87.417
2112,0022pro,propene,H6C3,0,1.27,5.31,abs,74.931,37.922,50.57,32.397999999999996,0.0,0.0,0.0,0.0,0.0,0.0,0.0,0.0,0.0,112.853
2113,0023str,"s-trans-1,3-butadiene",H6C4,0,0.61,2.55,abs,73.253,55.199,49.539,51.35,0.0,0.0,0.0,0.0,0.0,0.0,0.0,0.0,0.0,128.452
2114,0024met,2-methylpropene,H8C4,0,1.16,4.85,abs,94.876,40.715,63.97,33.805,0.0,0.0,0.0,0.0,0.0,0.0,0.0,0.0,0.0,135.592
2115,0025buta,1-butene,H8C4,0,1.38,5.77,abs,95.675,39.03,64.522,35.303,0.0,0.0,0.0,0.0,0.0,0.0,0.0,0.0,0.0,134.705
2116,0026cyc,cyclopentene,H8C5,0,0.56,2.34,abs,101.683,39.462,68.563,50.510999999999996,0.0,0.0,0.0,0.0,0.0,0.0,0.0,0.0,0.0,141.145
2117,0027pen,1-pentene,H10C5,0,1.66,6.95,abs,117.087,41.852,78.913,38.214,0.0,0.0,0.0,0.0,0.0,0.0,0.0,0.0,0.0,158.939
2118,0028Epe,E-2-pentene,H10C5,0,1.34,5.61,abs,121.125,42.219,81.604,41.897,0.0,0.0,0.0,0.0,0.0,0.0,0.0,0.0,0.0,163.344
2119,0029hex,1-hexene,H12C6,0,1.68,7.03,abs,141.892,44.947,95.596,41.448,0.0,0.0,0.0,0.0,0.0,0.0,0.0,0.0,0.0,186.839
2120,0030eth,ethyne,H2C2,0,-0.01,-0.04,abs,25.365,52.735,17.324,71.122,0.0,0.0,0.0,0.0,0.0,0.0,0.0,0.0,0.0,78.1
2121,0031pro,propyne,H4C3,0,-0.31,-1.3,abs,51.026,53.718,34.515,75.821,0.0,0.0,0.0,0.0,0.0,0.0,0.0,0.0,0.0,104.744
2122,0032but,1-butyne,H6C4,0,-0.16,-0.67,abs,75.419,55.046,50.949,76.17,0.0,0.0,0.0,0.0,0.0,0.0,0.0,0.0,0.0,130.466
2123,0033pen,1-pentyne,H8C5,0,0.01,0.04,abs,96.897,55.931,65.386,75.884,0.0,0.0,0.0,0.0,0.0,0.0,0.0,0.0,0.0,152.828
2124,0034hex,1-hexyne,H10C6,0,0.29,1.21,abs,118.988,60.17,80.228,82.53399999999999,0.0,0.0,0.0,0.0,0.0,0.0,0.0,0.0,0.0,179.158
2125,0035ben,benzene,H6C6,0,-0.87,-3.64,abs,77.548,65.297,52.481,87.613,0.0,0.0,0.0,0.0,0.0,0.0,0.0,0.0,0.0,142.845
2126,0036tol,toluene,H8C7,0,-0.89,-3.72,abs,98.561,67.889,66.586,87.814,0.0,0.0,0.0,0.0,0.0,0.0,0.0,0.0,0.0,166.45
2127,0037eth,ethylbenzene,H10C8,0,-0.8,-3.35,abs,121.589,68.862,82.09,87.919,0.0,0.0,0.0,0.0,0.0,0.0,0.0,0.0,0.0,190.451
2128,0038oxy,o-xylene,H10C8,0,-0.9,-3.77,abs,114.595,70.264,77.341,88.953,0.0,0.0,0.0,0.0,0.0,0.0,0.0,0.0,0.0,184.859
2129,0039mxy,m-xylene,H10C8,0,-0.84,-3.51,abs,119.554,70.474,80.676,88.017,0.0,0.0,0.0,0.0,0.0,0.0,0.0,0.0,0.0,190.028
2130,0040pxy,p-xylene,H10C8,0,-0.81,-3.39,abs,119.822,70.392,80.854,87.894,0.0,0.0,0.0,0.0,0.0,0.0,0.0,0.0,0.0,190.215
2131,0041nap,naphthalene,H8C10,0,-2.39,-10.0,abs,98.761,96.028,66.823,135.831,0.0,0.0,0.0,0.0,0.0,0.0,0.0,0.0,0.0,194.789
2132,0042ant,anthracene,H10C14,0,-4.23,-17.7,abs,119.955,126.748,81.154,183.971,0.0,0.0,0.0,0.0,0.0,0.0,0.0,0.0,0.0,246.703
2133,0044met,methanol,H4C1O1,0,-5.11,-21.38,abs,52.775,11.719,26.292,0.0,9.816,0.0,19.87,0.0,0.0,0.0,0.0,0.0,0.0,84.309
2134,0045eth,ethanol,H6C2O1,0,-5.01,-20.96,abs,77.419,14.671,42.861,9.102,9.835,0.0,18.099,0.0,0.0,0.0,0.0,0.0,0.0,110.185
2135,0046eth,"1,2-ethanediol",H6C2O2,0,-9.3,-38.91,abs,73.853,10.474,33.926,6.484,16.718,0.0,35.962,0.0,0.0,0.0,0.0,0.0,0.0,120.061
2136,0047pro,1-propanol,H8C3O1,0,-4.83,-20.21,abs,99.3,17.234,57.569,12.949,9.837,0.0,18.032999999999998,0.0,0.0,0.0,0.0,0.0,0.0,134.556
2137,0048pro,isopropanol,H8C3O1,0,-4.76,-19.92,abs,96.348,18.269,56.984,12.25,8.387,0.0,17.931,0.0,0.0,0.0,0.0,0.0,0.0,132.546
2138,0049but,1-butanol,H10C4O1,0,-4.72,-19.75,abs,121.113,19.833,72.23,16.122,9.834,0.0,18.044,0.0,0.0,0.0,0.0,0.0,0.0,158.978
2139,0050met,t-butanol,H10C4O1,0,-4.51,-18.87,abs,114.734,21.73,69.575,13.36,8.185,0.0,15.936,0.0,0.0,0.0,0.0,0.0,0.0,152.4
2140,0051cyc,cyclopentanol,H10C5O1,0,-5.49,-22.97,abs,118.931,20.928,73.802,25.403,6.732,0.0,17.878999999999998,0.0,0.0,0.0,0.0,0.0,0.0,157.735
2141,0052pen,1-pentanol,H12C5O1,0,-4.47,-18.7,abs,141.224,22.687,86.487,19.584,9.06,0.0,19.042,0.0,0.0,0.0,0.0,0.0,0.0,182.924
2142,0053phe,phenol,H6C6O1,0,-6.62,-27.7,abs,74.866,60.488,42.537,81.184,8.575,0.0,22.697,0.0,0.0,0.0,0.0,0.0,0.0,153.746
2143,0054hex,1-hexanol,H14C6O1,0,-4.36,-18.24,abs,162.885,25.384,101.054,22.886,9.054,0.0,19.043000000000003,0.0,0.0,0.0,0.0,0.0,0.0,207.282
2144,0055ocr,o-cresol,H8C7O1,0,-5.87,-24.56,abs,96.156,63.514,56.868,82.409,8.542,0.0,19.095,0.0,0.0,0.0,0.0,0.0,0.0,175.327
2145,0056mcr,m-cresol,H8C7O1,0,-5.49,-22.97,abs,96.138,62.885,56.85,81.215,8.543,0.0,22.656,0.0,0.0,0.0,0.0,0.0,0.0,177.442
2146,0057pcr,p-cresol,H8C7O1,0,-6.14,-25.69,abs,96.461,62.796,57.007,81.107,8.595,0.0,22.601,0.0,0.0,0.0,0.0,0.0,0.0,177.686
2147,0058hep,1-heptanol,H16C7O1,0,-4.24,-17.74,abs,184.583,28.065,115.633,26.186,9.061,0.0,19.041,0.0,0.0,0.0,0.0,0.0,0.0,231.66
2148,0060dim,dimethylether,H6C2O1,0,-1.92,-8.03,abs,73.641,21.013,49.548,0.0,0.0,0.0,15.339,0.0,0.0,0.0,0.0,0.0,0.0,109.24
2149,0061tet,tetrahydrofuran,H8C4O1,0,-3.47,-14.52,abs,100.083,22.985,67.438,20.754,0.0,0.0,15.309000000000001,0.0,0.0,0.0,0.0,0.0,0.0,138.291
2150,0062dio,"1,4-dioxane",H8C4O2,0,-5.05,-21.13,abs,97.289,20.715,65.452,12.801,0.0,0.0,28.462,0.0,0.0,0.0,0.0,0.0,0.0,146.316
2151,0063die,diethylether,H10C4O1,0,-1.76,-7.36,abs,115.628,27.976,77.884,17.249,0.0,0.0,12.642,0.0,0.0,0.0,0.0,0.0,0.0,156.159
2152,0064met,methylpropylether,H10C4O1,0,-1.66,-6.95,abs,120.023,26.654,80.754,12.307,0.0,0.0,13.393,0.0,0.0,0.0,0.0,0.0,0.0,159.523
2153,0065met,methylisopropylether,H10C4O1,0,-2.01,-8.41,abs,115.891,27.174,78.035,11.336,0.0,0.0,12.124,0.0,0.0,0.0,0.0,0.0,0.0,154.908
2154,0066dim,"1,2-dimethoxyethane",H10C4O2,0,-4.84,-20.25,abs,119.429,28.058,80.3,4.34,0.0,0.0,26.623,0.0,0.0,0.0,0.0,0.0,0.0,172.971
2155,0067but,t-butylmethylether,H12C5O1,0,-2.21,-9.25,abs,131.28,29.788,88.456,12.334,0.0,0.0,10.862,0.0,0.0,0.0,0.0,0.0,0.0,171.704
2156,0068ani,anisole,H8C7O1,0,-2.45,-10.25,abs,95.456,68.582,64.505,79.037,0.0,0.0,15.756,0.0,0.0,0.0,0.0,0.0,0.0,176.496
2157,0070eth,acetaldehyde,H4C2O1,0,-3.5,-14.64,abs,51.137,23.229,34.381,14.542,0.0,0.0,42.952,0.0,0.0,0.0,0.0,0.0,0.0,100.417
2158,0071proa,propanal,H6C3O1,0,-3.44,-14.39,abs,75.106,25.462,50.508,18.63,0.0,0.0,39.096000000000004,0.0,0.0,0.0,0.0,0.0,0.0,124.289
2159,0072but,butanal,H8C4O1,0,-3.18,-13.31,abs,96.399,27.462,64.833,21.603,0.0,0.0,42.937,0.0,0.0,0.0,0.0,0.0,0.0,149.908
2160,0073pen,pentanal,H10C5O1,0,-3.03,-12.68,abs,118.886,30.591,79.93,24.734,0.0,0.0,39.038,0.0,0.0,0.0,0.0,0.0,0.0,173.165
2161,0074ben,benzaldehyde,H6C7O1,0,-4.02,-16.82,abs,72.554,71.432,48.992,90.541,0.0,0.0,39.647,0.0,0.0,0.0,0.0,0.0,0.0,168.078
2162,0075pro,acetone,H6C3O1,0,-3.85,-16.11,abs,73.178,26.503,49.331,20.806,0.0,0.0,41.047,0.0,0.0,0.0,0.0,0.0,0.0,124.665
2163,0076but,2-butanone,H8C4O1,0,-3.64,-15.23,abs,96.603,29.05,65.096,24.549,0.0,0.0,36.869,0.0,0.0,0.0,0.0,0.0,0.0,148.104
2164,0077cyc,cyclopentanone,H8C5O1,0,-4.68,-19.58,abs,100.59,26.5,67.774,32.443,0.0,0.0,42.969,0.0,0.0,0.0,0.0,0.0,0.0,153.149
2165,0078pen,2-pentanone,H10C5O1,0,-3.53,-14.77,abs,118.63,31.561,79.9,27.404,0.0,0.0,36.787,0.0,0.0,0.0,0.0,0.0,0.0,172.595
2166,0079pen,3-pentanone,H10C5O1,0,-3.41,-14.27,abs,119.981,31.638,80.826,28.323,0.0,0.0,32.647999999999996,0.0,0.0,0.0,0.0,0.0,0.0,171.504
2167,0080hex,2-hexanone,H12C6O1,0,-3.29,-13.77,abs,140.285,34.231,94.453,30.67,0.0,0.0,36.815,0.0,0.0,0.0,0.0,0.0,0.0,196.934
2168,0081dim,"3,3-dimethylbutanone",H12C6O1,0,-2.89,-12.09,abs,128.508,32.389,86.601,22.495,0.0,0.0,36.101,0.0,0.0,0.0,0.0,0.0,0.0,182.894
2169,0082hep,2-heptanone,H14C7O1,0,-3.04,-12.72,abs,162.007,36.9,109.054,33.96,0.0,0.0,36.804,0.0,0.0,0.0,0.0,0.0,0.0,221.323
2170,0083hep,4-heptanone,H14C7O1,0,-2.93,-12.26,abs,163.914,36.702,110.351,34.067,0.0,0.0,32.539,0.0,0.0,0.0,0.0,0.0,0.0,220.44
2171,0084met,acetophenone,H8C8O1,0,-4.58,-19.16,abs,92.659,73.893,62.626,95.692,0.0,0.0,36.642,0.0,0.0,0.0,0.0,0.0,0.0,188.909
2172,0085non,5-nonanone,H18C9O1,0,-2.67,-11.17,abs,207.366,42.001,139.558,40.572,0.0,0.0,32.502,0.0,0.0,0.0,0.0,0.0,0.0,269.167
2173,0086eth,aceticacid,H4C2O2,0,-6.7,-28.03,abs,50.326,18.311,25.273,11.467,9.17,0.0,73.25099999999999,0.0,0.0,0.0,0.0,0.0,0.0,111.87
2174,0087pro,propanoicacid,H6C3O2,0,-6.47,-27.07,abs,74.142,20.699,41.287,15.316,9.179,0.0,68.83600000000001,0.0,0.0,0.0,0.0,0.0,0.0,135.63
2175,0088but,butanoicacid,H8C4O2,0,-6.36,-26.61,abs,96.172,23.176,56.103,18.152,9.17,0.0,68.742,0.0,0.0,0.0,0.0,0.0,0.0,160.091
2176,0089pen,pentanoicacid,H10C5O2,0,-6.16,-25.77,abs,117.904,25.808,70.707,21.385,9.17,0.0,68.74000000000001,0.0,0.0,0.0,0.0,0.0,0.0,184.471
2177,0090hex,hexanoicacid,H12C6O2,0,-6.21,-25.98,abs,139.578,28.494,85.277,24.684,9.169,0.0,68.729,0.0,0.0,0.0,0.0,0.0,0.0,208.827
2178,0091met,methylformate,H4C2O2,0,-2.78,-11.63,abs,49.636,24.424,33.462,0.0,0.0,0.0,71.707,0.0,0.0,0.0,0.0,0.0,0.0,111.342
2179,0092ethb,ethylformate,H6C3O2,0,-2.65,-11.09,abs,74.167,27.473,49.965,8.397,0.0,0.0,69.304,0.0,0.0,0.0,0.0,0.0,0.0,137.183
2180,0093met,methylacetate,H6C3O2,0,-3.32,-13.89,abs,73.933,27.914,49.895,10.989,0.0,0.0,61.104,0.0,0.0,0.0,0.0,0.0,0.0,136.765
2181,0094met,methylpropanoate,H8C4O2,0,-2.93,-12.26,abs,97.741,30.312,65.908,14.853,0.0,0.0,56.675999999999995,0.0,0.0,0.0,0.0,0.0,0.0,160.493
2182,0095eth,ethylacetate,H8C4O2,0,-3.1,-12.97,abs,98.436,31.008,66.383,19.33,0.0,0.0,58.763,0.0,0.0,0.0,0.0,0.0,0.0,162.605
2183,0096met,methylbutanoate,H10C5O2,0,-2.83,-11.84,abs,119.779,32.796,80.718,17.692,0.0,0.0,56.559,0.0,0.0,0.0,0.0,0.0,0.0,184.957
2184,0097pro,propylacetate,H10C5O2,0,-2.86,-11.97,abs,120.565,33.366,81.258,23.078,0.0,0.0,58.731,0.0,0.0,0.0,0.0,0.0,0.0,187.055
2185,0098met,methylpentanoate,H12C6O2,0,-2.57,-10.75,abs,141.485,35.435,95.312,20.929,0.0,0.0,56.571999999999996,0.0,0.0,0.0,0.0,0.0,0.0,209.323
2186,0099but,butylacetate,H12C6O2,0,-2.55,-10.67,abs,142.384,35.988,95.928,26.258,0.0,0.0,58.714999999999996,0.0,0.0,0.0,0.0,0.0,0.0,211.484
2187,0100met,methylhexanoate,H14C7O2,0,-2.49,-10.42,abs,163.165,38.119,109.887,24.226,0.0,0.0,56.565,0.0,0.0,0.0,0.0,0.0,0.0,233.686
2188,0101pen,pentylacetate,H14C7O2,0,-2.45,-10.25,abs,164.048,38.675,110.491,29.56,0.0,0.0,58.717,0.0,0.0,0.0,0.0,0.0,0.0,235.834
2189,0103eth,ethylamine,H7C2N1,0,-4.5,-18.83,abs,89.43,14.194,42.357,8.715,0.0,18.548,0.0,52.439,0.0,0.0,0.0,0.0,0.0,115.505
2190,0104dim,dimethylamine,H7C2N1,0,-4.29,-17.95,abs,87.404,19.36,50.035,0.0,0.0,9.117,0.0,89.076,0.0,0.0,0.0,0.0,0.0,115.134
2191,0105aze,azetidine,H7C3N1,0,-5.56,-23.26,abs,91.38,22.427,52.224,18.048,0.0,9.7,0.0,95.883,0.0,0.0,0.0,0.0,0.0,123.985
2192,0106pro,propylamine,H9C3N1,0,-4.39,-18.37,abs,111.065,16.847,56.953,12.735,0.0,18.496,0.0,52.063,0.0,0.0,0.0,0.0,0.0,139.805
2193,0107tri,trimethylamine,H9C3N1,0,-3.23,-13.51,abs,104.469,25.444,70.245,0.0,0.0,0.0,0.0,103.906,0.0,0.0,0.0,0.0,0.0,135.848
2194,0108pyr,pyrrolidine,H9C4N1,0,-5.48,-22.93,abs,112.492,21.245,67.367,19.323,0.0,8.754,0.0,89.22399999999999,0.0,0.0,0.0,0.0,0.0,143.302
2195,0109pip,piperazine,H10C4N2,0,-7.4,-30.96,abs,124.005,17.974,65.685,11.08,0.0,18.385,0.0,140.622,0.0,0.0,0.0,0.0,0.0,156.77
2196,0110but,butylamine,H11C4N1,0,-4.29,-17.95,abs,132.847,19.503,71.584,15.978,0.0,18.504,0.0,52.071000000000005,0.0,0.0,0.0,0.0,0.0,164.243
2197,0111die,diethylamine,H11C4N1,0,-4.07,-17.03,abs,124.959,25.41,76.627,15.564,0.0,7.802,0.0,71.242,0.0,0.0,0.0,0.0,0.0,157.896
2198,0112Nme,N-methylpiperazine,H12C5N2,0,-7.77,-32.51,abs,141.129,23.989,85.984,9.564,0.0,9.205,0.0,153.399,0.0,0.0,0.0,0.0,0.0,177.663
2199,0113pen,pentylamine,H13C5N1,0,-4.1,-17.15,abs,154.498,22.18,86.156,19.278,0.0,18.487,0.0,52.112,0.0,0.0,0.0,0.0,0.0,188.583
2200,0114NNd,"N,N'-dimethylpiperazine",H14C6N2,0,-7.58,-31.71,abs,158.288,30.044,106.338,8.052,0.0,0.0,0.0,166.689,0.0,0.0,0.0,0.0,0.0,198.625
2201,0115dip,dipropylamine,H15C6N1,0,-3.66,-15.31,abs,167.771,31.177,105.439,23.011,0.0,7.779,0.0,69.639,0.0,0.0,0.0,0.0,0.0,206.386
2202,0116pyr,pyridine,H5C5N1,0,-4.7,-19.66,abs,64.653,57.425,43.744,60.8,0.0,0.0,0.0,73.078,0.0,0.0,0.0,0.0,0.0,136.379
2203,0117met,2-methylpyrazine,H6C5N2,0,-5.57,-23.3,abs,74.327,52.449,50.184,38.678,0.0,0.0,0.0,137.40800000000002,0.0,0.0,0.0,0.0,0.0,154.478
2204,0118ani,aniline,H7C6N1,0,-5.49,-22.97,abs,88.183,59.941,42.242,80.39,0.0,18.043,0.0,27.723,0.0,0.0,0.0,0.0,0.0,159.079
2205,0119met,2-methylpyridine,H7C6N1,0,-4.63,-19.37,abs,87.059,60.697,58.819,66.119,0.0,0.0,0.0,62.847,0.0,0.0,0.0,0.0,0.0,160.826
2206,0120met,3-methylpyridine,H7C6N1,0,-4.77,-19.96,abs,86.387,59.712,58.331,60.997,0.0,0.0,0.0,72.644,0.0,0.0,0.0,0.0,0.0,160.369
2207,0121met,4-methylpyridine,H7C6N1,0,-4.94,-20.67,abs,86.159,59.714,58.183,60.545,0.0,0.0,0.0,73.375,0.0,0.0,0.0,0.0,0.0,160.244
2208,0122Nme,N-methylaniline,H9C7N1,0,-4.68,-19.58,abs,107.197,68.003,64.401,78.808,0.0,8.312,0.0,48.846000000000004,0.0,0.0,0.0,0.0,0.0,181.419
2209,0123dim,"2,4-dimethylpyridine",H9C7N1,0,-4.86,-20.33,abs,108.451,63.026,73.18,65.917,0.0,0.0,0.0,63.131,0.0,0.0,0.0,0.0,0.0,184.612
2210,0124dim,"2,5-dimethylpyridine",H9C7N1,0,-4.72,-19.75,abs,108.959,62.922,73.512,66.262,0.0,0.0,0.0,62.466,0.0,0.0,0.0,0.0,0.0,184.935
2211,0125dim,"2,6-dimethylpyridine",H9C7N1,0,-4.6,-19.25,abs,109.515,63.96,73.928,71.414,0.0,0.0,0.0,52.935,0.0,0.0,0.0,0.0,0.0,185.283
2212,0126eth,acetonitrile,H3C2N1,0,-3.89,-16.28,abs,38.186,30.572,25.764,19.707,0.0,0.0,0.0,62.26899999999999,0.0,0.0,0.0,0.0,0.0,96.412
2213,0127pro,propionitrile,H5C3N1,0,-3.85,-16.11,abs,62.648,31.833,42.245,23.017,0.0,0.0,0.0,60.992000000000004,0.0,0.0,0.0,0.0,0.0,122.141
2214,0128butb,butanonitrile,H7C4N1,0,-3.64,-15.23,abs,84.311,32.7,56.807,25.675,0.0,0.0,0.0,59.556000000000004,0.0,0.0,0.0,0.0,0.0,144.608
2215,0129ben,benzonitrile,H5C7N1,0,-4.1,-17.15,abs,63.101,76.123,42.72,93.795,0.0,0.0,0.0,60.875,0.0,0.0,0.0,0.0,0.0,166.898
2216,0130nit,nitroethane,H5C2N1O2,0,-3.71,-15.52,abs,61.013,13.574,41.161,8.445,0.0,0.0,81.688,19.101,0.0,0.0,0.0,0.0,0.0,129.71
2217,0131nit,1-nitropropane,H7C3N1O2,0,-3.34,-13.97,abs,83.214,15.902,56.095,11.816,0.0,0.0,81.582,18.594,0.0,0.0,0.0,0.0,0.0,154.175
2218,0132nit,2-nitropropane,H7C3N1O2,0,-3.14,-13.14,abs,81.364,17.815,54.872,11.921,0.0,0.0,79.85499999999999,11.055,0.0,0.0,0.0,0.0,0.0,151.728
2219,0133nit,1-nitrobutane,H9C4N1O2,0,-3.08,-12.89,abs,104.932,18.521,70.692,14.995,0.0,0.0,81.616,18.604999999999997,0.0,0.0,0.0,0.0,0.0,178.534
2220,0134nit,nitrobenzene,H5C6N1O2,0,-4.12,-17.24,abs,59.174,59.766,40.072,80.285,0.0,0.0,78.03,11.908,0.0,0.0,0.0,0.0,0.0,171.855
2221,0135met,2-methyl-1-nitrobenzene,H7C7N1O2,0,-3.59,-15.02,abs,79.721,62.033,53.894,80.751,0.0,0.0,72.555,11.21,0.0,0.0,0.0,0.0,0.0,191.033
2222,0136met,methanethiol,H4C1S1,0,-1.24,-5.19,abs,51.937,10.673,25.814,0.0,0.0,0.0,0.0,0.0,0.0,0.0,0.0,0.0,46.120000000000005,97.988
2223,0137ethb,ethanethiol,H6C2S1,0,-1.3,-5.44,abs,74.839,13.855,41.84,8.545,0.0,0.0,0.0,0.0,0.0,0.0,0.0,0.0,44.331,122.671
2224,0138pro,1-propanethiol,H8C3S1,0,-1.05,-4.39,abs,96.878,16.362,56.629,12.322,0.0,0.0,0.0,0.0,0.0,0.0,0.0,0.0,44.237,147.148
2225,0139thi,thiophenol,H6C6S1,0,-2.55,-10.67,abs,73.412,58.885,41.811,79.007,0.0,0.0,0.0,0.0,0.0,0.0,0.0,0.0,42.620000000000005,166.053
2226,0140dim,dimethylsulfide,H6C2S1,0,-1.54,-6.44,abs,73.655,19.143,49.679,0.0,0.0,0.0,0.0,0.0,0.0,0.0,0.0,0.0,30.159,122.518
2227,0141dim,dimethyldisulfide,H6C2S2,0,-1.83,-7.66,abs,72.013,19.537,48.588,0.0,0.0,0.0,0.0,0.0,0.0,0.0,0.0,0.0,56.496,147.489
2228,0142die,diethylsulfide,H10C4S1,0,-1.43,-5.98,abs,121.423,25.883,81.829,15.938,0.0,0.0,0.0,0.0,0.0,0.0,0.0,0.0,25.226,172.471
2229,0143dip,dipropylsulfide,H14C6S1,0,-1.27,-5.31,abs,165.368,30.932,111.374,23.347,0.0,0.0,0.0,0.0,0.0,0.0,0.0,0.0,25.076,221.345
2230,0144thi,thioanisole,H8C7S1,0,-2.73,-11.42,abs,93.536,66.551,63.235,77.787,0.0,0.0,0.0,0.0,0.0,0.0,0.0,0.0,28.082,187.524
2231,0145pro,allylalcohol,H6C3O1,0,-5.08,-21.25,abs,74.39,31.95,41.502,27.635,9.202,0.0,19.188,0.0,0.0,0.0,0.0,0.0,0.0,125.517
2232,0146met,2-methoxyethanol,H8C3O2,0,-6.77,-28.33,abs,97.4,18.828,56.778,5.125,9.266,0.0,32.199,0.0,0.0,0.0,0.0,0.0,0.0,147.731
2233,0147met,2-methoxyethanamine,H9C3N1O1,0,-6.55,-27.41,abs,110.262,18.303,56.303,4.795,0.0,18.552,13.445,51.778000000000006,0.0,0.0,0.0,0.0,0.0,153.109
2234,0148but,butenyne,H4C4,0,0.04,0.17,abs,50.887,70.239,34.518,93.35600000000001,0.0,0.0,0.0,0.0,0.0,0.0,0.0,0.0,0.0,121.126
2235,0149mor,morpholine,H9C4N1O1,0,-7.17,-30.0,abs,110.676,19.354,65.554,11.944,0.0,9.228,14.122,71.22200000000001,0.0,0.0,0.0,0.0,0.0,151.543
2236,0150mhy,m-hydroxybenzaldehyde,H6C7O2,0,-9.51,-39.79,abs,70.134,66.484,39.182,83.897,8.618,0.0,62.55,0.0,0.0,0.0,0.0,0.0,0.0,179.066
2237,0151phy,p-hydroxybenzaldehyde,H6C7O2,0,-10.48,-43.85,abs,70.02,66.531,39.114,84.045,8.601,0.0,62.919,0.0,0.0,0.0,0.0,0.0,0.0,178.958
2238,0153flu,fluoromethane,H3C1F1,0,-0.22,-0.92,abs,39.044,13.237,26.325,0.0,0.0,0.0,0.0,0.0,43.812,0.0,0.0,0.0,0.0,78.441
2239,0154dif,"1,1-difluoroethane",H4C2F2,0,-0.11,-0.46,abs,50.573,12.519,34.099,7.836,0.0,0.0,0.0,0.0,80.561,0.0,0.0,0.0,0.0,111.017
2240,0157flu,fluorobenzene,H5C6F1,0,-0.78,-3.26,abs,63.896,61.31,43.258,82.369,0.0,0.0,0.0,0.0,41.010000000000005,0.0,0.0,0.0,0.0,149.511
2241,0160chl,chloromethane,H3C1CL1,0,-0.56,-2.34,abs,38.211,11.586,25.827,0.0,0.0,0.0,0.0,0.0,0.0,67.004,0.0,0.0,0.0,91.242
2242,0161dic,dichloromethane,H2C1CL2,0,-1.36,-5.69,abs,24.889,6.077,16.843,0.0,0.0,0.0,0.0,0.0,0.0,129.784,0.0,0.0,0.0,110.953
2243,0162tri,chloroform,H1C1CL3,0,-1.07,-4.48,abs,12.133,2.165,8.215,0.0,0.0,0.0,0.0,0.0,0.0,186.7,0.0,0.0,0.0,129.197
2244,0163chl,chloroethane,H5C2CL1,0,-0.63,-2.64,abs,62.704,14.506,42.299,8.995,0.0,0.0,0.0,0.0,0.0,63.674,0.0,0.0,0.0,116.749
2245,0165tri,"1,1,1-trichloroethane",H3C2CL3,0,-0.25,-1.05,abs,35.344,7.485,23.847,4.645,0.0,0.0,0.0,0.0,0.0,174.404,0.0,0.0,0.0,150.666
2246,0166tri,"1,1,2-trichloroethane",H3C2CL3,0,-1.95,-8.16,abs,35.138,5.062,23.733,3.136,0.0,0.0,0.0,0.0,0.0,181.20600000000002,0.0,0.0,0.0,152.134
2247,0167chla,1-chloropropane,H7C3CL1,0,-0.27,-1.13,abs,84.867,16.875,57.205,12.673,0.0,0.0,0.0,0.0,0.0,63.595,0.0,0.0,0.0,141.22
2248,0168chl,2-chloropropane,H7C3CL1,0,-0.25,-1.05,abs,84.188,17.792,56.75,11.928,0.0,0.0,0.0,0.0,0.0,59.823,0.0,0.0,0.0,139.309
2249,0169chl,chloroethene,H3C2CL1,0,-0.59,-2.47,abs,38.111,28.662,25.812,21.241,0.0,0.0,0.0,0.0,0.0,66.298,0.0,0.0,0.0,107.226
2250,0170chl,3-chloropropene,H5C3CL1,0,-0.57,-2.38,abs,60.486,32.329,40.862,29.065,0.0,0.0,0.0,0.0,0.0,59.891999999999996,0.0,0.0,0.0,129.885
2251,0171Zdi,"Z-1,2-dichloroethene",H2C2CL2,0,-1.17,-4.9,abs,25.742,22.122,17.445,15.882,0.0,0.0,0.0,0.0,0.0,127.169,0.0,0.0,0.0,125.096
2252,0172Edi,"E-1,2-dichloroethene",H2C2CL2,0,-0.76,-3.18,abs,24.753,21.436,16.776,15.713,0.0,0.0,0.0,0.0,0.0,132.45999999999998,0.0,0.0,0.0,126.855
2253,0173tri,trichloroethene,H1C2CL3,0,-0.39,-1.63,abs,12.099,16.89,8.202,11.868,0.0,0.0,0.0,0.0,0.0,188.30700000000002,0.0,0.0,0.0,143.354
2254,0174chl,chlorobenzene,H5C6CL1,0,-1.12,-4.69,abs,62.984,59.436,42.641,79.804,0.0,0.0,0.0,0.0,0.0,63.461,0.0,0.0,0.0,161.211
2255,0175odi,"1,2-dichlorobenzene",H4C6CL2,0,-1.36,-5.69,abs,49.843,54.399,33.75,73.044,0.0,0.0,0.0,0.0,0.0,119.976,0.0,0.0,0.0,177.351
2256,0176pdi,"1,4-dichlorobenzene",H4C6CL2,0,-1.01,-4.23,abs,48.537,53.463,32.87,71.831,0.0,0.0,0.0,0.0,0.0,127.083,0.0,0.0,0.0,179.616
2257,0177bro,bromomethane,H3C1BR1,0,-0.82,-3.43,abs,37.907,11.484,25.641,0.0,0.0,0.0,0.0,0.0,0.0,0.0,77.411,0.0,0.0,96.737
2258,0178dib,dibromomethane,H2C1BR2,0,-2.11,-8.83,abs,24.553,5.716,16.626,0.0,0.0,0.0,0.0,0.0,0.0,0.0,150.006,0.0,0.0,121.687
2259,0179tri,bromoform,H1C1BR3,0,-1.98,-8.28,abs,11.82,1.803,8.009,0.0,0.0,0.0,0.0,0.0,0.0,0.0,215.321,0.0,0.0,144.86
2260,0180bro,bromoethane,H5C2BR1,0,-0.7,-2.93,abs,62.341,14.355,42.067,8.904,0.0,0.0,0.0,0.0,0.0,0.0,73.812,0.0,0.0,122.031
2261,0182bro,1-bromopropane,H7C3BR1,0,-0.56,-2.34,abs,84.578,16.678,57.021,12.511,0.0,0.0,0.0,0.0,0.0,0.0,73.72999999999999,0.0,0.0,146.515
2262,0183bro,2-bromopropane,H7C3BR1,0,-0.48,-2.01,abs,83.775,17.542,56.475,11.744,0.0,0.0,0.0,0.0,0.0,0.0,69.685,0.0,0.0,144.337
2263,0184bro,1-bromobutane,H9C4BR1,0,-0.41,-1.72,abs,106.34,19.289,71.649,15.705,0.0,0.0,0.0,0.0,0.0,0.0,73.733,0.0,0.0,170.895
2264,0185bro,1-bromopentane,H11C5BR1,0,-0.08,-0.33,abs,127.982,21.977,86.197,19.002,0.0,0.0,0.0,0.0,0.0,0.0,73.769,0.0,0.0,195.236
2265,0186bro,bromobenzene,H5C6BR1,0,-1.46,-6.11,abs,62.724,59.089,42.466,79.334,0.0,0.0,0.0,0.0,0.0,0.0,73.672,0.0,0.0,166.377
2266,0187dib,p-dibromobenzene,H4C6BR2,0,-2.3,-9.62,abs,48.027,52.77,32.526,70.886,0.0,0.0,0.0,0.0,0.0,0.0,147.511,0.0,0.0,189.96
2267,0197bro,bromotrifluoromethane,C1F3BR1,0,1.79,7.49,abs,0.0,1.702,0.0,0.0,0.0,0.0,0.0,0.0,118.112,0.0,73.895,0.0,0.0,116.521
2268,0198chl,chlorofluoromethane,H2C1F1CL1,0,-0.77,-3.22,abs,25.436,7.6,17.18,0.0,0.0,0.0,0.0,0.0,41.858000000000004,65.815,0.0,0.0,0.0,98.511
2269,0199chl,chlorodifluoromethane,H1C1F2CL1,0,-0.5,-2.09,abs,12.799,4.335,8.642,0.0,0.0,0.0,0.0,0.0,81.139,64.664,0.0,0.0,0.0,104.969
2270,0200tet,tetrafluoromethane,C1F4,0,3.16,13.22,abs,0.0,2.502,0.0,0.0,0.0,0.0,0.0,0.0,162.586,0.0,0.0,0.0,0.0,98.424
2271,0201bro,"1-bromo-1-chloro-2,2,2-trifluoroethane",H1C2F3CL1BR1,0,-0.13,-0.54,abs,11.774,1.713,7.958,1.049,0.0,0.0,0.0,0.0,108.863,58.632,68.783,0.0,0.0,155.825
2272,0202bro,1-bromo-2-chloroethane,H4C2CL1BR1,0,-1.95,-8.16,abs,48.324,8.259,32.648,5.134,0.0,0.0,0.0,0.0,0.0,63.509,73.655,0.0,0.0,141.124
2273,0203bro,"1-bromo-1,2,2,2-tetrafluoroethane",H1C2F4BR1,0,0.52,2.18,abs,12.153,2.547,8.201,1.562,0.0,0.0,0.0,0.0,148.444,0.0,70.258,0.0,0.0,145.379
2274,0204tet,tetrachloroethene,C2CL4,0,0.05,0.21,abs,0.0,12.593,0.0,8.68,0.0,0.0,0.0,0.0,0.0,241.949,0.0,0.0,0.0,159.434
2275,0205chl,"1-chloro-2,2,2-trifluoroethane",H2C2F3CL1,0,0.06,0.25,abs,24.354,4.917,16.447,3.051,0.0,0.0,0.0,0.0,114.11,61.783,0.0,0.0,0.0,134.873
2276,0206tri,"1,1,2-trichloro-1,2,2-trifluoroethane",C2F3CL3,0,1.77,7.41,abs,0.0,0.61,0.0,0.365,0.0,0.0,0.0,0.0,103.155,169.667,0.0,0.0,0.0,165.863
2277,0207tri,"2,2,2-trifluoroethanol",H3C2O1F3,0,-4.31,-18.03,abs,38.417,5.447,16.584,3.383,9.835,0.0,17.314999999999998,0.0,115.15800000000002,0.0,0.0,0.0,0.0,128.755
2278,0209chl,"1-chloro-2,2,2-trifluoroethyldifluoromethylether",H2C3O1F5CL1,0,0.11,0.46,abs,21.882,5.46,14.769,0.574,0.0,0.0,12.359,0.0,181.554,57.158,0.0,0.0,0.0,179.744
2279,0211tri,"1,1,1-trifluoropropan-2-ol",H5C3O1F3,0,-4.16,-17.41,abs,56.887,10.183,31.09,7.022,7.681,0.0,17.7,0.0,107.703,0.0,0.0,0.0,0.0,148.112
2280,0212hex,"1,1,1,3,3,3-hexafluoropropan-2-ol",H2C3O1F6,0,-3.77,-15.77,abs,21.379,2.15,7.86,1.692,6.924,0.0,18.034,0.0,208.621,0.0,0.0,0.0,0.0,163.456
2281,0213bis,bis(2-chloroethyl)sulfide,H8C4S1CL2,0,-3.92,-16.4,abs,92.977,13.854,62.731,8.579,0.0,0.0,0.0,0.0,0.0,127.09,0.0,0.0,25.25,210.862
2282,0214tri,"2,2,2-trifluorethylvinylether",H5C4O1F3,0,-0.12,-0.5,abs,56.803,31.019,38.378,21.458,0.0,0.0,14.29,0.0,115.303,0.0,0.0,0.0,0.0,166.929
2283,0215pbr,p-bromophenol,H5C6O1BR1,0,-7.13,-29.83,abs,60.239,54.176,32.606,72.755,8.617,0.0,22.859,0.0,0.0,0.0,73.803,0.0,0.0,177.412
2284,0216amm,ammonia,H3N1,0,-4.29,-17.95,abs,44.788,0.0,0.0,0.0,0.0,31.315,0.0,17.444,0.0,0.0,0.0,0.0,0.0,62.232
2285,0217wat,water,H2O1,0,-6.31,-26.4,abs,29.683,0.0,0.0,0.0,36.346000000000004,0.0,26.0,0.0,0.0,0.0,0.0,0.0,0.0,55.683
2286,0218pho,phosphine,H3P1,0,0.6,2.51,abs,45.163,0.0,0.0,0.0,0.0,0.0,0.0,0.0,0.0,0.0,0.0,0.0,0.0,77.513
2287,0219hyd,hydrogensulfide,H2S1,0,-0.7,-2.93,abs,28.431,0.0,0.0,0.0,0.0,0.0,0.0,0.0,0.0,0.0,0.0,0.0,63.730000000000004,70.492
2288,0220tri,trimethylphosphate,H9C3O4P1,0,-8.7,-36.4,abs,106.348,32.312,71.742,0.0,0.0,0.0,54.564,0.0,0.0,0.0,0.0,0.0,0.0,195.858
2289,0221tri,triethylphosphate,H15C6O4P1,0,-7.8,-32.64,abs,179.39,41.555,120.898,25.825,0.0,0.0,49.428,0.0,0.0,0.0,0.0,0.0,0.0,272.981
2290,0222tri,tripropylphosphate,H21C9O4P1,0,-6.1,-25.52,abs,245.965,48.767,165.666,37.164,0.0,0.0,49.186,0.0,0.0,0.0,0.0,0.0,0.0,346.577
2291,0223die,diethyldisulfide,H10C4S2,0,-1.63,-6.82,abs,116.268,26.993,78.349,16.667,0.0,0.0,0.0,0.0,0.0,0.0,0.0,0.0,50.656,192.51
2292,0225pipa,piperidine,H11C5N1,0,-5.11,-21.38,abs,133.657,20.973,81.093,20.363,0.0,9.149,0.0,69.36500000000001,0.0,0.0,0.0,0.0,0.0,161.954
2293,0227Nme,N-methylmorpholine,H11C5N1O1,0,-6.34,-26.53,abs,127.953,25.35,86.007,10.394,0.0,0.0,14.248000000000001,83.437,0.0,0.0,0.0,0.0,0.0,172.561
2294,0228met,methylamine,H5C1N1,0,-4.56,-19.08,abs,67.139,10.981,26.288,0.0,0.0,19.658,0.0,59.756,0.0,0.0,0.0,0.0,0.0,90.362
2295,0229hyd,hydrazine,H4N2,0,-6.26,-26.19,abs,57.193,0.0,0.0,0.0,0.0,66.449,0.0,26.253,0.0,0.0,0.0,0.0,0.0,83.445
2296,0230eth,2-ethylpyrazine,H8C6N2,0,-5.51,-23.05,abs,97.567,54.82,65.833,41.745,0.0,0.0,0.0,130.591,0.0,0.0,0.0,0.0,0.0,178.618
2297,0233ethb,acetamide,H5C2N1O1,0,-9.71,-40.63,abs,63.737,17.985,24.864,11.153,0.0,18.852,41.454,32.313,0.0,0.0,0.0,0.0,0.0,117.254
2298,0234ENmb,E-N-methylacetamide,H7C3N1O1,0,-10.0,-41.84,abs,82.196,26.531,46.603,10.553,0.0,9.161,40.905,47.86,0.0,0.0,0.0,0.0,0.0,139.282
2299,0235ZNmb,Z-N-methylacetamide,H7C3N1O1,0,-10.0,-41.84,abs,85.344,27.729,49.551,10.94,0.0,8.338,37.723,48.518,0.0,0.0,0.0,0.0,0.0,141.79
2300,0236oct,1-octanol,H18C8O1,0,-4.09,-17.11,abs,206.253,30.757,130.204,29.489,9.057,0.0,19.044,0.0,0.0,0.0,0.0,0.0,0.0,256.024
2301,0237oct,octanal,H16C8O1,0,-2.29,-9.58,abs,183.934,38.65,123.662,34.633,0.0,0.0,39.021,0.0,0.0,0.0,0.0,0.0,0.0,246.263
2302,0238met,methyloctanoate,H18C9O2,0,-2.04,-8.54,abs,206.556,43.473,139.044,30.816,0.0,0.0,56.57899999999999,0.0,0.0,0.0,0.0,0.0,0.0,282.436
2303,0239oct,2-octanone,H16C8O1,0,-2.88,-12.05,abs,183.685,39.585,123.626,37.258,0.0,0.0,36.811,0.0,0.0,0.0,0.0,0.0,0.0,245.69
2304,0240met,methylbenzoate,H8C8O2,0,-3.91,-16.36,abs,95.863,76.752,64.816,87.154,0.0,0.0,53.814,0.0,0.0,0.0,0.0,0.0,0.0,202.517
2305,0242dii,isopropylether,H14C6O1,0,-0.53,-2.22,abs,152.317,32.888,102.623,21.406,0.0,0.0,9.992,0.0,0.0,0.0,0.0,0.0,0.0,195.195
2306,0244tet,tetrahydropyran,H10C5O1,0,-3.12,-13.05,abs,120.527,22.399,81.097,21.416,0.0,0.0,14.014,0.0,0.0,0.0,0.0,0.0,0.0,156.833
2307,0245thi,thiophene,H4C4S1,0,-1.42,-5.94,abs,51.513,47.85,34.925,48.139,0.0,0.0,0.0,0.0,0.0,0.0,0.0,0.0,30.541,129.904
2308,0246eth,ethylphenylether,H10C8O1,0,-2.22,-9.29,abs,119.716,71.838,80.837,87.009,0.0,0.0,13.491999999999999,0.0,0.0,0.0,0.0,0.0,0.0,202.263
2309,0400hyd,hydrogen,H2,0,2.33,9.75,abs,39.592,0.0,0.0,0.0,0.0,0.0,0.0,0.0,0.0,0.0,0.0,0.0,0.0,39.592
2310,0401amia,"1,1-dimethyl-3-phenylurea",H12C9N2O1,0,-9.63,-40.29,abs,131.612,85.943,85.074,79.936,0.0,3.931,28.014,86.03,0.0,0.0,0.0,0.0,0.0,242.457
2311,0402adn,9-methyladenine,H7C6N5,0,-13.6,-56.9,abs,87.839,59.137,41.539,19.108,0.0,18.483,0.0,310.019,0.0,0.0,0.0,0.0,0.0,200.205
2312,0403thi,1-methylthymine,H8C6N2O2,0,-10.4,-43.51,abs,92.878,51.469,54.066,28.861,0.0,8.914,75.49600000000001,81.962,0.0,0.0,0.0,0.0,0.0,198.255
2313,0405hex,hexafluoroethane,C2F6,0,3.94,16.48,abs,0.0,1.579,0.0,0.956,0.0,0.0,0.0,0.0,224.89499999999998,0.0,0.0,0.0,0.0,134.43
2314,0406oct,octafluoropropane,C3F8,0,4.28,17.91,abs,0.0,1.464,0.0,0.918,0.0,0.0,0.0,0.0,276.39,0.0,0.0,0.0,0.0,164.841
2315,0407tet,"1,1,1,2-tetrachloroethane",H2C2CL4,0,-1.15,-4.81,abs,22.643,3.262,15.288,2.003,0.0,0.0,0.0,0.0,0.0,228.329,0.0,0.0,0.0,166.776
2316,0408hex,hexachloroethane,C2CL6,0,-1.4,-5.86,abs,0.0,0.165,0.0,0.097,0.0,0.0,0.0,0.0,0.0,314.14799999999997,0.0,0.0,0.0,193.745
2317,0409clb,2-chlorobutane,H9C4CL1,0,0.07,0.29,abs,103.278,20.493,69.599,15.466,0.0,0.0,0.0,0.0,0.0,56.396,0.0,0.0,0.0,158.993
2318,0410clp,1-chloropentane,H11C5CL1,0,0.07,0.29,abs,128.316,22.157,86.41,19.144,0.0,0.0,0.0,0.0,0.0,63.595,0.0,0.0,0.0,189.95
2319,0411chp,2-chloropentane,H11C5CL1,0,0.07,0.29,abs,126.523,24.018,85.21,19.024,0.0,0.0,0.0,0.0,0.0,56.068,0.0,0.0,0.0,185.536
2320,0412clt,chlorotoluene,H7C7CL1,0,-1.92,-8.03,abs,84.859,61.407,57.387,81.674,0.0,0.0,0.0,0.0,0.0,63.636,0.0,0.0,0.0,185.895
2321,0413clt,o-chlorotoluene,H7C7CL1,0,-1.15,-4.81,abs,83.613,62.417,56.498,81.068,0.0,0.0,0.0,0.0,0.0,58.155,0.0,0.0,0.0,181.605
2322,0414dcl,"2,2'-dichlorobiphenyl",H8C12CL2,0,-2.73,-11.42,abs,99.338,97.964,67.239,134.462,0.0,0.0,0.0,0.0,0.0,111.209,0.0,0.0,0.0,265.218
2323,0415dcl,"2,3-dichlorobiphenyl",H8C12CL2,0,-2.45,-10.25,abs,96.442,99.697,65.272,138.652,0.0,0.0,0.0,0.0,0.0,111.78999999999999,0.0,0.0,0.0,264.281
2324,0416dcl,"2,2',3'-trichlorobiphenyl",H7C12CL3,0,-1.99,-8.33,abs,86.349,92.831,58.453,127.458,0.0,0.0,0.0,0.0,0.0,167.45,0.0,0.0,0.0,281.273
2325,0417brp,3-bromopropene,H5C3BR1,0,-0.86,-3.6,abs,60.808,31.371,41.109,27.193,0.0,0.0,0.0,0.0,0.0,0.0,74.22800000000001,0.0,0.0,137.877
2326,0418bri,1-bromo-isobutane,H9C4BR1,0,-0.03,-0.13,abs,102.108,20.127,68.806,13.424,0.0,0.0,0.0,0.0,0.0,0.0,69.893,0.0,0.0,165.164
2327,0419brt,bromotoluene,H7C7BR1,0,-2.37,-9.92,abs,84.63,61.13,57.242,81.269,0.0,0.0,0.0,0.0,0.0,0.0,73.699,0.0,0.0,191.189
2328,0420pbr,p-bromotoluene,H7C7BR1,0,-1.39,-5.82,abs,83.873,61.601,56.66,79.412,0.0,0.0,0.0,0.0,0.0,0.0,73.761,0.0,0.0,190.098
2329,0421dfl,difluorodichloromethane,C1F2CL2,0,1.69,7.07,abs,0.0,1.173,0.0,0.0,0.0,0.0,0.0,0.0,76.824,124.53200000000001,0.0,0.0,0.0,123.131
2330,0422ftc,fluorotrichloromethane,C1F1CL3,0,0.82,3.43,abs,0.0,0.709,0.0,0.0,0.0,0.0,0.0,0.0,37.184,182.127,0.0,0.0,0.0,134.792
2331,0423brt,bromotrichloromethane,C1CL3BR1,0,-0.93,-3.89,abs,0.0,0.338,0.0,0.0,0.0,0.0,0.0,0.0,0.0,176.05,68.929,0.0,0.0,150.962
2332,0424clp,chloropentaflouroethane,C2F5CL1,0,2.86,11.97,abs,0.0,1.15,0.0,0.695,0.0,0.0,0.0,0.0,182.469,59.183,0.0,0.0,0.0,145.325
2333,0425dbr,"3,5-dibromo-4-hydroxybenzonitrile",H3C7N1O1BR2,0,-9.0,-37.66,abs,31.281,60.569,15.366,72.875,6.123,0.0,21.441000000000003,60.928,0.0,0.0,139.851,0.0,0.0,219.846
2334,0426dcl,"2,6-dichlorobenzonitrile",H3C7N1CL2,0,-5.22,-21.84,abs,37.059,61.755,25.1,77.712,0.0,0.0,0.0,58.482,0.0,120.263,0.0,0.0,0.0,199.694
2335,0427dcl,"2,6-dichlorothiobenzamide",H5C7N1S1CL2,0,-10.81,-45.23,abs,63.69,47.584,25.049,64.63,0.0,18.71,0.0,21.229,0.0,116.78900000000002,0.0,0.0,39.396,230.857
2336,0428ami,"4-amino-3,5,6-trichloropyridine-2-carboxylicacid",H3C6N2O2CL3,0,-11.96,-50.04,abs,33.329,39.271,0.0,42.207,9.193,14.328,66.143,75.624,0.0,168.911,0.0,0.0,0.0,234.74
2337,0433pho,"2,2-dichloroethenyldimethylphosphate",H7C4O4P1CL2,0,-6.61,-27.66,abs,78.67,38.346,53.104,11.707,0.0,0.0,52.931999999999995,0.0,0.0,124.34700000000001,0.0,0.0,0.0,247.243
2338,0437pho,methyl3-methyl-4-thiomethoxyphenylthiophosphate,H13C9O3P1S2,0,-6.92,-28.95,abs,144.128,72.343,88.516,68.41,9.255,0.0,37.217999999999996,0.0,0.0,0.0,0.0,0.0,62.403999999999996,316.11
2339,0438pho,"diethyl2,4-dichlorophenylthiophosphate",H13C10O3P1S1CL2,0,-3.86,-16.15,abs,137.415,64.798,92.743,67.566,0.0,0.0,24.697,0.0,0.0,114.06200000000001,0.0,0.0,34.582,331.933
2340,0440pho,dimethyl5-(4-chloro)bicyclo[3.2.0]heptylphosphate,H12C9O4P1CL1,0,-7.28,-30.46,abs,140.974,61.865,95.129,55.391000000000005,0.0,0.0,51.924,0.0,0.0,66.129,0.0,0.0,0.0,294.939
2341,0441pho,dimethyl4-nitrophenylthiophosphate,H10C8N1O5P1S1,0,-7.62,-31.88,abs,110.093,72.245,74.389,68.238,0.0,0.0,106.541,11.918,0.0,0.0,0.0,0.0,37.754,301.615
2342,0442pho,O-ethylO'-4-bromo-2-chlorophenylS-propylphosphorothioate,H15C11O3P1S1CL1BR1,0,-4.09,-17.11,abs,172.739,74.726,116.524,81.42,0.0,0.0,34.729,0.0,0.0,58.28,73.743,0.0,25.348,388.25
2343,0444pho,"dimethyl2,4,5-trichlorophenylthiophosphate",H8C8O3P1S1CL3,0,-5.06,-21.17,abs,88.791,60.654,59.964,54.028,0.0,0.0,26.675,0.0,0.0,172.831,0.0,0.0,36.591,318.549
2344,0445pho,"dimethyl4-bromo-2,5-dichlorophenylthiophosphate",H8C8O3P1S1CL2BR1,0,-5.7,-23.85,abs,88.538,60.397,59.794,53.7,0.0,0.0,26.703,0.0,0.0,112.18,70.07000000000001,0.0,36.582,323.395
2345,0447pho,diethyl4-nitrophenylthiophosphonate,H14C10N1O5P1S1,0,-6.27,-26.23,abs,150.366,73.636,101.503,79.647,0.0,0.0,100.962,11.919999999999998,0.0,0.0,0.0,0.0,35.86,335.988
2346,0449pho,ethyl4-cyanophenylphenylthiophosphonate,H14C15N1O2P1S1,0,-5.1,-21.34,abs,164.539,135.89,111.201,164.084,0.0,0.0,15.84,60.875,0.0,0.0,0.0,0.0,33.954,378.215
2347,0471dim,"3,4-dimethylpyridine",H9C7N1,0,-5.22,-21.84,abs,102.555,62.061,69.179,61.965,0.0,0.0,0.0,72.976,0.0,0.0,0.0,0.0,0.0,178.962
2348,0506nit,nitromethane,H3C1N1O2,0,-3.95,-16.53,abs,36.939,11.231,24.965,0.0,0.0,0.0,86.408,22.878999999999998,0.0,0.0,0.0,0.0,0.0,106.242
2349,0571dim,"3,5-dimethylpyridine",H9C7N1,0,-4.84,-20.25,abs,108.103,61.99,72.909,61.219,0.0,0.0,0.0,72.208,0.0,0.0,0.0,0.0,0.0,184.335
2350,0574eth,4-ethylpyridine,H9C7N1,0,-4.74,-19.83,abs,106.68,60.748,71.979,62.356,0.0,0.0,0.0,73.418,0.0,0.0,0.0,0.0,0.0,181.812
2351,0939tet,tetramethylsilane,H12C4SI1,0,3.04,12.72,abs,147.137,33.775,99.1,0.0,0.0,0.0,0.0,0.0,0.0,0.0,0.0,0.0,0.0,186.29
2352,c000,waterdimer,H4O2,0,-11.27,-47.15,abs,50.269,0.0,0.0,0.0,61.507999999999996,0.0,44.005,0.0,0.0,0.0,0.0,0.0,0.0,94.274
2353,n005,methylhydrazine,H6C1N2,0,-5.31,-22.22,abs,79.78,9.905,25.701,0.0,0.0,48.338,0.0,55.946,0.0,0.0,0.0,0.0,0.0,109.793
2354,n006,"1,1-dimethylhydrazine",H8C2N2,0,-4.48,-18.74,abs,96.337,17.367,47.712,0.0,0.0,29.491999999999997,0.0,79.708,0.0,0.0,0.0,0.0,0.0,130.821
2355,n007,urea,H4C1N2O1,0,-13.8,-57.74,abs,53.761,9.436,0.0,0.0,0.0,37.678,41.482,79.246,0.0,0.0,0.0,0.0,0.0,109.818
2356,n008,benzamide,H7C7N1O1,0,-10.9,-45.61,abs,83.708,65.935,40.019,86.14,0.0,17.232,37.553,31.123000000000005,0.0,0.0,0.0,0.0,0.0,182.384
2357,n009,2-methylaniline,H9C7N1,0,-5.56,-23.26,abs,105.734,62.748,56.082,81.678,0.0,15.888,0.0,26.003999999999998,0.0,0.0,0.0,0.0,0.0,178.71
2358,n010,3-methylaniline,H9C7N1,0,-5.67,-23.72,abs,109.552,62.281,56.603,80.375,0.0,18.027,0.0,27.75,0.0,0.0,0.0,0.0,0.0,182.797
2359,n011,4-methylaniline,H9C7N1,0,-5.55,-23.22,abs,109.535,62.375,56.555,80.397,0.0,18.05,0.0,27.884999999999998,0.0,0.0,0.0,0.0,0.0,182.942
2360,n013,N-ethylaniline,H11C8N1,0,-4.62,-19.33,abs,127.151,71.47,77.915,85.845,0.0,8.246,0.0,36.814,0.0,0.0,0.0,0.0,0.0,203.586
2361,n014,"N,N-dimethylaniline",H11C8N1,0,-3.58,-14.98,abs,122.161,74.227,82.461,76.825,0.0,0.0,0.0,49.232,0.0,0.0,0.0,0.0,0.0,199.569
2362,n015,"3,aminoaniline",H8C6N2,0,-9.92,-41.51,abs,98.72,54.585,32.011,73.155,0.0,36.013,0.0,55.459,0.0,0.0,0.0,0.0,0.0,175.203
2363,n016,"1,2-ethanediamine",H8C2N2,0,-9.72,-40.67,abs,101.369,8.413,32.517,5.151,0.0,37.072,0.0,103.60799999999999,0.0,0.0,0.0,0.0,0.0,133.399
2364,n017,hydrogenperoxide,H2O2,0,-8.58,-35.9,abs,27.746,0.0,0.0,0.0,19.784,0.0,72.628,0.0,0.0,0.0,0.0,0.0,0.0,71.944
2365,n018,methylperoxide,H4C1O2,0,-5.28,-22.09,abs,52.003,10.744,25.681,0.0,9.898,0.0,59.548,0.0,0.0,0.0,0.0,0.0,0.0,98.888
2366,n019,ethylperoxide,H6C2O2,0,-5.32,-22.26,abs,76.48,13.911,42.183,8.623,9.884,0.0,56.31700000000001,0.0,0.0,0.0,0.0,0.0,0.0,124.643
2367,n191,uracil,H4C4N2O2,0,-16.59,-69.41,abs,51.772,40.908,17.338,28.257,0.0,18.337,83.628,80.92999999999999,0.0,0.0,0.0,0.0,0.0,154.231
2368,n200,5-fluorouracil,H3C4N2O2F1,0,-16.92,-70.79,abs,38.98,37.145,8.622,23.346,0.0,18.378,82.58,80.731,40.275999999999996,0.0,0.0,0.0,0.0,160.727
2369,n201,5-trifluoromethyluracil,H3C5N2O2F3,0,-15.46,-64.68,abs,36.548,34.28,6.984,22.489,0.0,18.358,78.399,80.08,108.06700000000001,0.0,0.0,0.0,0.0,193.002
2370,n202,5-chlorouracil,H3C4N2O2CL1,0,-17.74,-74.22,abs,38.528,35.376,8.349,21.209,0.0,18.34,81.186,80.44,0.0,62.696,0.0,0.0,0.0,171.88
2371,n203,5-bromouracil,H3C4N2O2BR1,0,-18.17,-76.02,abs,38.387,35.071,8.263,20.871,0.0,18.328,80.768,80.39200000000001,0.0,0.0,72.839,0.0,0.0,176.894
2372,test0001,"1,3-diacetyloxypropan-2-ylacetate(glyceroltriacetate)",H14C9O6,0,-8.84,-36.99,abs,157.474,53.838,106.21,34.154,0.0,0.0,144.36,0.0,0.0,0.0,0.0,0.0,0.0,294.587
2373,test0004,m-bis(trifluoromethyl)benzene,H4C8F6,0,1.07,4.48,abs,43.016,50.516,29.121,71.9,0.0,0.0,0.0,0.0,219.50900000000001,0.0,0.0,0.0,0.0,223.534
2374,test0005,"N,N-dimethyl-p-methoxybenzamide",H13C10N1O2,0,-11.01,-46.07,abs,143.825,80.723,97.039,70.751,0.0,0.0,49.156000000000006,42.233000000000004,0.0,0.0,0.0,0.0,0.0,259.932
2375,test0006,"N,N,4-trimethylbenzamide",H13C10N1O1,0,-9.76,-40.84,abs,147.488,79.701,99.502,79.305,0.0,0.0,33.424,42.185,0.0,0.0,0.0,0.0,0.0,250.247
2376,test0007,bis(2-chloroethyl)ether,H8C4O1CL2,0,-4.23,-17.7,abs,94.232,15.585,63.481,9.666,0.0,0.0,11.313,0.0,0.0,126.926,0.0,0.0,0.0,199.39
2377,test0008,"1,1-diacetoxyethane",H10C6O4,0,-4.97,-20.79,abs,117.991,43.463,79.606,27.196,0.0,0.0,108.54299999999999,0.0,0.0,0.0,0.0,0.0,0.0,222.571
2378,test0009,"1,1-diethoxyethane",H14C6O2,0,-3.28,-13.72,abs,161.139,34.943,108.538,21.659,0.0,0.0,20.546,0.0,0.0,0.0,0.0,0.0,0.0,214.731
2379,test0011,diethylpropanedioate,H12C7O4,0,-6.0,-25.1,abs,141.401,42.469,95.343,29.099,0.0,0.0,106.27,0.0,0.0,0.0,0.0,0.0,0.0,245.093
2380,test0012,dimethoxymethane,H8C3O2,0,-2.93,-12.26,abs,92.844,25.86,62.506,0.0,0.0,0.0,31.309,0.0,0.0,0.0,0.0,0.0,0.0,143.46
2381,test0013,ethyleneglycoldiacetate,H10C6O4,0,-6.34,-26.53,abs,114.195,39.074,77.032,24.428,0.0,0.0,90.746,0.0,0.0,0.0,0.0,0.0,0.0,207.177
2382,test0014,"1,2-diethoxyethane",H14C6O2,0,-3.54,-14.81,abs,168.038,34.408,113.023,21.345,0.0,0.0,22.877,0.0,0.0,0.0,0.0,0.0,0.0,224.602
2383,test0016,phenylformate,H6C7O2,0,-3.82,-15.98,abs,74.584,71.229,50.429,77.405,0.0,0.0,67.134,0.0,0.0,0.0,0.0,0.0,0.0,180.145
2384,test0017,imidazole,H4C3N2,0,-9.81,-41.05,abs,53.221,43.069,26.165,19.017,0.0,10.29,0.0,136.974,0.0,0.0,0.0,0.0,0.0,118.203
2385,test1001,nitroglycol,H4C2N2O6,0,-5.7,-23.85,abs,45.158,6.037,30.449,3.732,0.0,0.0,203.017,10.072,0.0,0.0,0.0,0.0,0.0,189.303
2386,test1002,"1,2-dinitroxypropane",H6C3N2O6,0,-5.0,-20.92,abs,64.06,12.026,43.204,8.149,0.0,0.0,193.028,9.691,0.0,0.0,0.0,0.0,0.0,207.26
2387,test1003,butylnitrate,H9C4N1O3,0,-2.1,-8.79,abs,104.697,18.358,70.512,15.214,0.0,0.0,101.66799999999999,5.003,0.0,0.0,0.0,0.0,0.0,192.162
2388,test1004,2-butylnitrate,H9C4N1O3,0,-1.8,-7.53,abs,100.643,20.792,67.827,15.578,0.0,0.0,93.77,3.047,0.0,0.0,0.0,0.0,0.0,183.532
2389,test1005,isobutylnitrate,H9C4N1O3,0,-1.9,-7.95,abs,101.386,19.146,68.295,12.876,0.0,0.0,98.51599999999999,5.001,0.0,0.0,0.0,0.0,0.0,187.521
2390,test1006,ethyleneglycolmononitrate,H5C2N1O4,0,-8.2,-34.31,abs,61.346,7.837,32.036,4.852,9.843,0.0,119.53699999999999,5.018,0.0,0.0,0.0,0.0,0.0,156.055
2391,test1007,"2-chloro-N-(2,6-diethylphenyl)-N-(methoxymethyl)acetamide(alachlor)",H20C14N1O2CL1,0,-8.2,-34.31,abs,201.458,79.175,135.86,75.125,0.0,0.0,38.1,3.5300000000000002,0.0,53.592,0.0,0.0,0.0,340.14
2392,test1008,2-methyl-2-(methylthio)propanalO-(N-methylcarbamoyl)oxime(aldicarb),H14C7N2O2S1,0,-9.8,-41.0,abs,147.875,49.336,93.222,13.206,0.0,6.79,56.113,81.737,0.0,0.0,0.0,0.0,24.371000000000002,266.166
2393,test1009,2-(ethylamino)-4-isopropylamino-6-methyl-thio-s-triazine(ametryn),H17C9N5S1,0,-7.7,-32.22,abs,197.748,63.292,117.16,19.968,0.0,16.788,0.0,246.996,0.0,0.0,0.0,0.0,29.052999999999997,322.661
2394,test1010,"O,O-dimethylS-[(4-oxo-1,2,3-benzotriazin-3(4H)-yl)methyl]dithiophosphate(azinphosmethyl)",H12C10N3O3P1S2,0,-10.0,-41.84,abs,125.451,84.866,84.764,81.893,0.0,0.0,44.346000000000004,72.712,0.0,0.0,0.0,0.0,64.676,342.854
2395,test1011,"N-butyl-N-ethyl-2,6-dinitro-4-(trifluoromethyl)aniline(benefin)",H16C13N3O4F3,0,-3.5,-14.64,abs,157.222,63.911,105.937,71.144,0.0,0.0,135.363,25.716,110.38799999999999,0.0,0.0,0.0,0.0,377.085
2396,test1012,"a-[(4,6-dimethoxypyrimidin-2-ylcarbamoyl)sulfamoyl]-o-toluicacid(bensulfuron)",H18C16N4O7S1,0,-17.2,-71.96,abs,195.6,125.149,117.044,96.724,0.0,15.596,147.714,201.649,0.0,0.0,0.0,0.0,29.491,464.607
2397,test1013,5-Bromo-3-sec-butyl-6-methyl-uracil(bromacil),H13C9N2O2BR1,0,-9.7,-40.58,abs,139.328,55.316,86.136,40.404,0.0,8.081,61.599000000000004,56.57,0.0,0.0,67.22200000000001,0.0,0.0,279.068
2398,test1014,"3a,4,7,7a-tetrahydro-2-[(trichloromethyl)thio]-1H-isoindole-1,3(2H)-dione(captan)",H8C9N1O2S1CL3,0,-9.0,-37.66,abs,94.499,37.761,63.728,44.677,0.0,0.0,67.819,10.736,0.0,161.32,0.0,0.0,22.734,296.842
2399,test1015,1-naphthylmethylcarbamate(carbaryl),H11C12N1O2,0,-9.5,-39.75,abs,129.273,101.17,81.635,120.752,0.0,5.975,58.77,44.245999999999995,0.0,0.0,0.0,0.0,0.0,269.391
2400,test1016,"2,3-dihydro-2,2-dimethyl-7-benzofuranylmethylcarbamate(carbofuran)",H15C12N1O3,0,-9.6,-40.17,abs,174.992,80.023,112.511,76.5,0.0,5.766,72.482,45.018,0.0,0.0,0.0,0.0,0.0,303.352
2401,test1017,"S-4-chlorophenylthiomethylO,O-diethylphosphorodithioate(carbophenothion)",H16C11O2P1S3CL1,0,-6.5,-27.2,abs,175.637,81.189,118.519,84.706,0.0,0.0,20.302,0.0,0.0,63.525,0.0,0.0,73.83200000000001,390.791
2402,test1018,"octachloro-4,7-methanohydroindane(chlordane)",H6C10CL8,0,-3.4,-14.23,abs,53.325,8.627,35.967,11.289000000000001,0.0,0.0,0.0,0.0,0.0,435.41200000000003,0.0,0.0,0.0,328.72
2403,test1019,"phosphoricacid[(E)-2-chloro-1-(2,4-dichlorophenyl)vinyl]diethylester(chlorfenvinphos)",H14C12O4P1CL3,0,-7.1,-29.71,abs,154.303,82.95,104.136,88.327,0.0,0.0,43.193999999999996,0.0,0.0,176.072,0.0,0.0,0.0,388.841
2404,test1020,ethyl2-(4-chloro-6-methoxypyrimidin-2-ylcarbamoylsulfamoyl)benzoate(chlorimuronethyl),H15C15N4O6S1CL1,0,-14.0,-58.58,abs,170.278,120.395,104.725,105.974,0.0,10.668,130.716,175.181,0.0,64.704,0.0,0.0,28.491,456.878
2405,test1021,trichloro(nitro)methane(chloropicrin),C1N1O2CL3,0,-1.5,-6.28,abs,0.0,0.49,0.0,0.0,0.0,0.0,77.996,11.376999999999999,0.0,172.583,0.0,0.0,0.0,157.803
2406,test1022,"O,O-diethylO-3,5,6-trichloro-2-pyridylphosphorothioate(chlorpyrifos)",H11C9N1O3P1S1CL3,0,-5.0,-20.92,abs,123.566,61.16,83.332,54.317,0.0,0.0,29.392,23.541000000000004,0.0,177.739,0.0,0.0,35.997,361.533
2407,test1023,"S-(RS)-2-chloro-1-phthalimidoethylO,O-diethylphosphorodithioate(dialifor)",H17C14N1O4P1S2CL1,0,-5.7,-23.85,abs,187.422,92.297,126.491,100.204,0.0,0.0,84.539,12.594,0.0,60.77,0.0,0.0,45.53,424.38
2408,test1024,diethoxy-[(2-isopropyl-6-methyl-4-pyrimidinyl)oxy]-thioxophosphorane(diazinon),H21C12N2O3P1S1,0,-6.5,-27.2,abs,242.436,79.712,163.432,61.347,0.0,0.0,25.39,107.10199999999999,0.0,0.0,0.0,0.0,37.717,406.21
2409,test1025,"3,6-dichloro-2-methoxybenzoicacid(dicamba)",H6C8O3CL2,0,-9.9,-41.42,abs,68.112,55.659,37.255,61.101,9.236,0.0,73.46600000000001,0.0,0.0,115.57400000000001,0.0,0.0,0.0,241.582
2410,test1027,"N1,N1-diethyl-2,6-dinitro-4-trifluoromethyl-m-phenylenediamine(dinitramine)",H13C11N4O4F3,0,-5.7,-23.85,abs,117.558,56.323,68.52,62.066,0.0,11.177,132.24,41.062,103.27000000000001,0.0,0.0,0.0,0.0,330.673
2411,test1028,"(RS)-2-sec-butyl-4,6-dinitrophenol(dinoseb)",H12C10N2O5,0,-6.2,-25.94,abs,114.09,58.598,72.423,69.497,4.735,0.0,174.411,22.765,0.0,0.0,0.0,0.0,0.0,291.866
2412,test1029,"6,7,8,9,10,10-hexachloro-1,5,5a,6,9,9a-hexahydro-6,9-methano-2,4,3-benzodioxathiepine-3-oxide(endosulfanalpha)",H6C9O3S1CL6,0,-4.2,-17.57,abs,49.758,10.226,33.527,9.46,0.0,0.0,50.236,0.0,0.0,314.976,0.0,0.0,42.303,318.362
2413,test1030,"(1R,4S,4aS,5S,6S,7R,8R,8aR)-1,2,3,4,10,10-hexachloro-1,4,4a,5,6,7,8,8a-octahydro-6,7-epoxy-1,4:5,8-dimethanonaphthalene(endrin)",H8C12O1CL6,0,-5.5,-23.01,abs,79.061,26.86,53.414,37.372,0.0,0.0,17.428,0.0,0.0,318.675,0.0,0.0,0.0,318.005
2414,test1031,"O,O,O',O'-tetraethylS,S'-methylenebis(phosphorodithioate)(ethion)",H22C9O4P2S4,0,-6.1,-25.52,abs,230.808,53.245,155.573,31.295,0.0,0.0,30.053,0.0,0.0,0.0,0.0,0.0,111.209,427.427
2415,test1033,"1,4,5,6,7,8,8-heptachloro-3a,4,7,7a-tetrahydro-4,7-methanoindene(heptachlor)",H5C10CL7,0,-2.6,-10.88,abs,50.466,23.024,34.111,31.214,0.0,0.0,0.0,0.0,0.0,381.56399999999996,0.0,0.0,0.0,307.323
2416,test1034,"3,5,5-trimethyl-2-cyclohexen-1-one(isophorone)",H14C9O1,0,-5.2,-21.76,abs,153.041,45.373,103.049,45.973,0.0,0.0,41.187,0.0,0.0,0.0,0.0,0.0,0.0,223.606
2417,test1035,"1,2,3,4,5,6-hexachlorocyclohexane(lindane)",H6C6CL6,0,-5.4,-22.59,abs,56.172,2.867,37.897,3.503,0.0,0.0,0.0,0.0,0.0,312.055,0.0,0.0,0.0,252.307
2418,test1036,2-(dimethoxyphosphinothioylthio)butanedioicaciddiethylester(malathion),H19C10O6P1S2,0,-8.2,-34.31,abs,212.607,59.209,143.346,25.037,0.0,0.0,118.67,0.0,0.0,0.0,0.0,0.0,52.39,405.024
2419,test1037,N-methylcarbamicacid[1-(methylthio)ethylideneamino]ester(methomyl),H10C5N2O2S1,0,-10.7,-44.77,abs,118.983,44.812,71.727,9.613,0.0,8.878,58.821,75.99000000000001,0.0,0.0,0.0,0.0,27.849,235.371
2420,test1039,"methyl2-(4-methoxy-6-methyl-1,3,5-triazin-2-ylcarbamoylsulfamoyl)benzoate(metsulfuronmethyl)",H15C14N5O6S1,0,-15.5,-64.85,abs,171.144,118.421,105.337,85.303,0.0,10.633,134.944,261.18600000000004,0.0,0.0,0.0,0.0,28.399,431.811
2421,test1040,"4-mesyl-2,6-dinitro-N,N-dipropylaniline(nitralin)",H19C13N3O6S1,0,-8.0,-33.47,abs,191.7,70.328,129.205,66.253,0.0,0.0,185.323,14.534,0.0,0.0,0.0,0.0,31.573999999999998,401.272
2422,test1041,nitroxyacetone,H5C3N1O4,0,-6.0,-25.1,abs,58.263,19.542,39.28,16.365,0.0,0.0,138.604,5.037,0.0,0.0,0.0,0.0,0.0,169.108
2423,test1043,"O,O-diethyl-O-4-nitro-phenylthiophosphate(parathion)",H14C10N1O5P1S1,0,-6.7,-28.03,abs,158.63,78.502,107.062,85.688,0.0,0.0,102.253,11.921,0.0,0.0,0.0,0.0,38.166,352.673
2424,test1044,S-propylbutyl(ethyl)thiocarbamate(pebulate),H21C10N1O1S1,0,-3.6,-15.06,abs,232.559,53.437,156.66,34.745,0.0,0.0,28.22,21.117,0.0,0.0,0.0,0.0,20.706999999999997,325.141
2425,test1045,"O,O-diethylS-ethylthiomethylphosphorodithioate(phorate)",H17C7O2P1S3,0,-4.4,-18.41,abs,176.206,42.114,118.777,23.538,0.0,0.0,11.489,0.0,0.0,0.0,0.0,0.0,83.81599999999999,314.304
2426,test1046,"N-cyclopropylmethyl-2,6-dinitro-N-propyl-4-trifluoromethylaniline(profluralin)",H16C14N3O4F3,0,-2.5,-10.46,abs,158.34,70.349,106.904,87.196,0.0,0.0,138.461,14.995000000000001,110.382,0.0,0.0,0.0,0.0,384.112
2427,test1047,"N2,N4-diisopropyl-6-methylthio-1,3,5-triazine-2,4-diamine(prometryn)",H19C10N5S1,0,-8.4,-35.15,abs,212.813,66.402,128.368,22.628,0.0,15.673,0.0,241.794,0.0,0.0,0.0,0.0,29.038,340.714
2428,test1048,"N-(3,4-dichlorophenyl)propanamide(propanil)",H9C9N1O1CL2,0,-7.8,-32.64,abs,100.394,68.511,61.368,79.668,0.0,6.643,28.909999999999997,29.678000000000004,0.0,120.19300000000001,0.0,0.0,0.0,264.811
2429,test1049,5-amino-4-chloro-2-phenyl-3-(2H)-pyridazinone(pyrazon),H8C10N3O1CL1,0,-16.4,-68.62,abs,94.678,88.393,48.039,105.247,0.0,16.634,30.918,77.848,0.0,57.625,0.0,0.0,0.0,261.384
2430,test1050,"6-chloro-N,N'-diethyl-1,3,5-triazine-2,4-diamine(simazine)",H12C7N5CL1,0,-10.2,-42.68,abs,144.663,49.539,82.448,15.673,0.0,15.636,0.0,297.866,0.0,65.445,0.0,0.0,0.0,276.703
2431,test1051,"methyl2-(4,6-dimethylpyrimidin-2-ylcarbamoylsulfamoyl)benzoate(sulfometuron-methyl)",H16C15N4O5S1,0,-20.3,-84.94,abs,182.144,124.5,112.549,116.284,0.0,10.841,117.10300000000001,182.259,0.0,0.0,0.0,0.0,28.423000000000002,426.35
2432,test1052,3-t-butyl-5-chloro-6-methyluracil(terbacil),H13C9N2O2CL1,0,-11.1,-46.44,abs,135.845,54.22,83.804,37.921,0.0,8.103,55.366,58.144999999999996,0.0,57.487,0.0,0.0,0.0,265.593
2433,test1053,"N2-tert-butyl-N4-ethyl-6-methylthio-1,3,5-triazine-2,4-diamine(terbutryn)",H19C10N5S1,0,-6.7,-28.03,abs,209.165,65.548,126.706,20.495,0.0,14.854,0.0,244.823,0.0,0.0,0.0,0.0,29.041,335.971
2434,test1054,"3-(4-methoxy-6-methyl-1,3,5-triazin-2-ylcarbamoylsulfamoyl)thiophene-2-carboxylicacid(thifensulfuron)",H13C12N5O6S2,0,-16.2,-67.78,abs,149.496,101.657,89.907,50.562,0.0,11.464,139.758,260.954,0.0,0.0,0.0,0.0,56.919000000000004,422.284
2435,test1055,"dimethyl(RS)-2,2,2-trichloro-1-hydroxyethylphosphonate(trichlorfon)",H8C4O4P1CL3,0,-12.7,-53.14,abs,88.503,21.156,52.885,0.296,7.189,0.0,52.496,0.0,0.0,151.248,0.0,0.0,0.0,256.221
2436,test1056,"a,a,a-trifluoro-2,6-dinitro-N,N-dipropyl-p-toluidine(trifluralin)",H16C13N3O4F3,0,-3.3,-13.81,abs,158.626,61.671,106.896,68.979,0.0,0.0,138.559,14.283000000000001,110.39000000000001,0.0,0.0,0.0,0.0,375.708
2437,test1057,S-propyldipropyl(thiocarbamate)(vernolate),H21C10N1O1S1,0,-4.1,-17.15,abs,229.651,52.818,154.708,34.997,0.0,0.0,27.171999999999997,26.953999999999997,0.0,0.0,0.0,0.0,20.799,321.573
2438,test1058,4-amino-4'-nitroazobenzene,H10C12N4O2,0,-11.2,-46.86,abs,115.477,108.995,60.634,146.227,0.0,18.173,78.042,89.952,0.0,0.0,0.0,0.0,0.0,308.164
2439,test1059,1-amino-4-anilinoanthraquinone,H14C20N2O2,0,-7.4,-30.96,abs,152.584,165.218,85.916,234.609,0.001,17.973,53.157,50.035000000000004,0.0,0.0,0.0,0.0,0.0,365.602
2440,test1060,"1,4,5,8-tetraminoanthraquinone",H12C14N4O2,0,-8.9,-37.24,abs,125.955,104.438,30.908,153.03,0.0,56.285,40.691,106.031,0.0,0.0,0.0,0.0,0.0,297.37
2441,test1061,1-amino-anthraquinone,H9C14N1O2,0,-8.0,-33.47,abs,101.435,117.251,54.906,170.263,0.0,14.249,59.786,26.222,0.0,0.0,0.0,0.0,0.0,265.614
2442,test1063,"(2-dimethylamino-5,6-dimethyl-pyrimidin-4-yl)N,N-dimethylcarbamate(pirimor,pirimicarb)",H18C11N4O2,0,-9.4,-39.33,abs,201.872,86.996,136.047,33.017,0.0,0.0,48.437,206.123,0.0,0.0,0.0,0.0,0.0,337.057
2443,test2001,acetylsalicylicacid,H8C9O4,0,-9.94,-41.59,abs,95.691,73.57,56.085,86.137,9.079,0.0,107.98200000000001,0.0,0.0,0.0,0.0,0.0,0.0,232.246
2444,test2003,butylparaben,H14C11O3,0,-8.72,-36.48,abs,161.78,79.932,100.983,95.91,8.587,0.0,74.513,0.0,0.0,0.0,0.0,0.0,0.0,288.167
2445,test2004,caffeine,H10C8N4O2,0,-12.64,-52.89,abs,112.968,72.138,76.292,18.743,0.0,0.0,62.905,206.404,0.0,0.0,0.0,0.0,0.0,244.488
2446,test2006,6-chlorouracil,H3C4N2O2CL1,0,-15.83,-66.23,abs,37.132,35.129,8.305,23.944,0.0,17.423,83.708,77.694,0.0,63.643,0.0,0.0,0.0,172.412
2447,test2007,cyanuricacid,H3C3N3O3,0,-18.06,-75.56,abs,38.901,28.601,0.0,0.0,0.0,27.227,125.867,138.312,0.0,0.0,0.0,0.0,0.0,159.562
2448,test2010,diflunisal,H8C13O3F2,0,-9.4,-39.33,abs,88.718,102.207,43.504,140.755,17.432,0.0,82.918,0.0,74.668,0.0,0.0,0.0,0.0,286.846
2449,test2011,ethylparaben,H10C9O3,0,-9.2,-38.49,abs,117.83,74.936,71.442,88.963,8.582,0.0,74.591,0.0,0.0,0.0,0.0,0.0,0.0,239.283
2450,test2013,flurbiprofen(racemic),H13C15O2F1,0,-8.42,-35.23,abs,146.143,111.666,90.042,148.76,9.201,0.0,63.074,0.0,33.394,0.0,0.0,0.0,0.0,316.137
2451,test2015,hexachlorobenzene,C6CL6,0,-2.33,-9.75,abs,0.0,35.579,0.0,47.592,0.0,0.0,0.0,0.0,0.0,333.864,0.0,0.0,0.0,238.368
2452,test2017,ibuprofen(racemic),H18C13O2,0,-7.0,-29.29,abs,197.495,75.235,124.433,84.746,9.188,0.0,63.150000000000006,0.0,0.0,0.0,0.0,0.0,0.0,311.353
2453,test2018,5-iodouracil,H3C4N2O2I1,0,-18.72,-78.32,abs,38.267,34.792,8.191,20.567,0.0,18.317,80.146,80.357,0.0,0.0,0.0,87.514,0.0,183.895
2454,test2019,ketoprofen(racemic),H14C16O3,0,-10.78,-45.1,abs,152.219,120.791,94.18,159.475,9.179,0.0,91.658,0.0,0.0,0.0,0.0,0.0,0.0,328.364
2455,test2020,methylparaben,H8C8O3,0,-9.51,-39.79,abs,93.298,71.827,54.932,80.617,8.585,0.0,76.938,0.0,0.0,0.0,0.0,0.0,0.0,213.416
2456,test2021,naproxen,H14C14O3,0,-10.21,-42.72,abs,155.343,102.119,96.172,124.045,9.176,0.0,78.282,0.0,0.0,0.0,0.0,0.0,0.0,308.345
2457,test2022,4-nitroaniline,H6C6N2O2,0,-9.45,-39.54,abs,70.092,54.415,29.897,73.029,0.0,18.182,78.134,38.878,0.0,0.0,0.0,0.0,0.0,188.041
2458,test2023,octafluorocyclobutane,C4F8,0,3.43,14.35,abs,0.0,6.313,0.0,7.517,0.0,0.0,0.0,0.0,284.045,0.0,0.0,0.0,0.0,174.23
2459,test2024,pentachloronitrobenzene,C6N1O2CL5,0,-5.22,-21.84,abs,0.0,33.483,0.0,44.857,0.0,0.0,81.137,3.0340000000000003,0.0,278.36400000000003,0.0,0.0,0.0,253.659
2460,test2025,phthalimide,H5C8N1O2,0,-9.61,-40.21,abs,64.534,72.385,34.064,91.815,0.0,9.953,84.22999999999999,38.574,0.0,0.0,0.0,0.0,0.0,193.885
2461,test2026,propylparaben,H12C10O3,0,-9.37,-39.2,abs,139.962,77.303,86.323,92.721,8.58,0.0,74.5,0.0,0.0,0.0,0.0,0.0,0.0,263.734
2462,test2027,sulfolane,H8C4O2S1,0,-8.61,-36.02,abs,96.425,19.482,65.032,17.66,0.0,0.0,49.6,0.0,0.0,0.0,0.0,0.0,34.065,169.208
2463,test2029,trimethylorthotrifluoroacetate,H9C5O3F3,0,-0.8,-3.35,abs,98.095,29.413,66.172,0.302,0.0,0.0,26.869999999999997,0.0,97.23,0.0,0.0,0.0,0.0,208.432
2464,test3001,paracetamol,H9C8N1O2,0,-14.83,-62.05,abs,100.92,72.571,53.814,84.487,8.607,6.47,55.929,30.399,0.0,0.0,0.0,0.0,0.0,217.477
2465,test3002,N-(3-hydroxyphenyl)acetamide,H9C8N1O2,0,-13.93,-58.28,abs,102.055,72.036,54.388,84.149,8.579,6.699,55.941,30.016000000000002,0.0,0.0,0.0,0.0,0.0,217.803
2466,test3003,fenbufen,H14C16O3,0,-12.75,-53.35,abs,152.335,123.726,95.103,168.989,8.259,0.0,102.93799999999999,0.0,0.0,0.0,0.0,0.0,0.0,337.871
2467,test3004,N-(2-hydroxyphenyl)acetamide,H9C8N1O2,0,-11.61,-48.58,abs,101.05,73.662,55.302,85.97,8.615,5.022,51.25,30.156000000000002,0.0,0.0,0.0,0.0,0.0,215.217
2468,test3005,phenacetin,H13C10N1O2,0,-10.91,-45.65,abs,145.659,83.927,92.089,90.315,0.0,6.455,46.906,30.392,0.0,0.0,0.0,0.0,0.0,265.981
2469,test3007,2-methoxybenzoicacid,H8C8O3,0,-10.32,-43.18,abs,92.245,71.444,53.79,80.439,9.004,0.0,75.252,0.0,0.0,0.0,0.0,0.0,0.0,208.868
2470,test3014,4-methoxybenzoicacid,H8C8O3,0,-9.15,-38.28,abs,90.269,70.355,52.36,78.931,9.103,0.0,82.10600000000001,0.0,0.0,0.0,0.0,0.0,0.0,211.402
2471,test3015,3-methoxybenzoicacid,H8C8O3,0,-8.93,-37.36,abs,90.413,70.272,52.43,78.799,9.132,0.0,82.037,0.0,0.0,0.0,0.0,0.0,0.0,211.437
2472,test3019,tolfenamicacid,H12C14N1O2CL1,0,-6.71,-28.07,abs,125.257,113.777,74.296,147.89,9.016,1.916,59.905,18.594,0.0,58.063,0.0,0.0,0.0,312.522
2473,test3020,diclofenacacid,H11C14N1O2CL2,0,-6.3,-26.36,abs,110.69,104.225,69.322,136.684,1.828,3.94,72.98100000000001,7.395,0.0,107.9,0.0,0.0,0.0,324.716
2474,test3021,flufenamicacid,H10C14N1O2F3,0,-5.68,-23.77,abs,104.28,105.181,60.344,140.353,3.224,7.398,70.617,11.437000000000001,109.696,0.0,0.0,0.0,0.0,317.817
2475,test4001,iodobenzene,H5C6I1,0,-1.73,-7.24,abs,62.452,58.755,42.279,78.867,0.0,0.0,0.0,0.0,0.0,0.0,0.0,88.53399999999999,0.0,173.613
2476,test4002,diiodomethane,H2C1I2,0,-2.49,-10.42,abs,24.203,5.352,16.395,0.0,0.0,0.0,0.0,0.0,0.0,0.0,0.0,179.64600000000002,0.0,136.531
2477,test4003,iodomethane,H3C1I1,0,-0.89,-3.72,abs,37.624,11.357,25.458,0.0,0.0,0.0,0.0,0.0,0.0,0.0,0.0,92.64,0.0,104.254
2478,test4004,iodoethane,H5C2I1,0,-0.72,-3.01,abs,61.983,14.173,41.83,8.788,0.0,0.0,0.0,0.0,0.0,0.0,0.0,88.751,0.0,129.312
2479,test4006,1-iodopropane,H7C3I1,0,-0.59,-2.47,abs,84.317,16.488,56.847,12.331,0.0,0.0,0.0,0.0,0.0,0.0,0.0,88.606,0.0,153.838
2480,test4007,1-iodobutane,H9C4I1,0,-0.25,-1.05,abs,105.975,19.114,71.405,15.558,0.0,0.0,0.0,0.0,0.0,0.0,0.0,88.706,0.0,178.17
2481,test4008,1-iodopentane,H11C5I1,0,-0.12,-0.5,abs,125.15,21.52,84.303,18.822,0.0,0.0,0.0,0.0,0.0,0.0,0.0,88.65700000000001,0.0,199.74
2482,test4009,2-iodopropane,H7C3I1,0,-0.46,-1.92,abs,83.368,17.246,56.189,11.515,0.0,0.0,0.0,0.0,0.0,0.0,0.0,84.403,0.0,151.386
2895,c001,acetylene,H3C2O1,-1,-67.9,-284.09,abs,30.733,53.374,8.679,66.93,21.804000000000002,0.0,26.159,0.0,0.0,0.0,0.0,0.0,0.0,110.265
2896,c046b,hydrogencyanide,H2C1N1O1,-1,-64.0,-267.78,abs,19.207,38.837,0.0,0.0,23.359,0.047,26.136,51.475,0.0,0.0,0.0,0.0,0.0,103.325
2897,c065,methanol,H5C1O2,-1,-80.0,-334.72,abs,55.5,11.482,25.749,0.0,21.133000000000003,0.0,49.355999999999995,0.0,0.0,0.0,0.0,0.0,0.0,111.77
2898,c066,ethanol,H7C2O2,-1,-78.5,-328.44,abs,79.865,14.86,42.142,9.007,21.363,0.0,48.227000000000004,0.0,0.0,0.0,0.0,0.0,0.0,138.249
2899,c067,1-propanol,H9C3O2,-1,-75.8,-317.15,abs,101.024,17.784,56.393,13.248,21.347,0.0,48.424,0.0,0.0,0.0,0.0,0.0,0.0,162.358
2900,c068,isopropanol,H9C3O2,-1,-76.0,-317.98,abs,96.874,18.543,54.196,12.358,20.241,0.0,44.301,0.0,0.0,0.0,0.0,0.0,0.0,155.332
2901,c069,2-butanol,H11C4O2,-1,-76.3,-319.24,abs,117.349,20.688,67.778,14.019,20.317999999999998,0.0,41.747,0.0,0.0,0.0,0.0,0.0,0.0,175.851
2902,c070,t-butanol,H11C4O2,-1,-72.1,-301.67,abs,115.189,21.878,66.632,13.255,20.214,0.0,41.585,0.0,0.0,0.0,0.0,0.0,0.0,175.022
2903,c071,allylalcohol,H7C3O2,-1,-75.1,-314.22,abs,77.43,32.671,40.588,28.023,21.455,0.0,48.05200000000001,0.0,0.0,0.0,0.0,0.0,0.0,153.624
2904,c072,benzylalcohol,H9C7O2,-1,-75.4,-315.47,abs,101.231,63.485,56.592,84.62,21.682,0.0,45.431,0.0,0.0,0.0,0.0,0.0,0.0,205.461
2905,c073,2-methoxyethanol,H9C3O3,-1,-77.9,-325.93,abs,100.607,18.986,56.025,5.276,21.433,0.0,61.949999999999996,0.0,0.0,0.0,0.0,0.0,0.0,176.045
2906,c078,"1,2-ethanediol",H7C2O3,-1,-73.3,-306.69,abs,77.718,9.603,31.722,5.876,30.718,0.0,65.128,0.0,0.0,0.0,0.0,0.0,0.0,148.076
2907,c082,methylhydroperoxide,H5C1O3,-1,-80.6,-337.23,abs,52.398,10.356,24.332,0.0,20.517,0.0,85.36,0.0,0.0,0.0,0.0,0.0,0.0,123.358
2908,c083,ethylhydroperoxide,H7C2O3,-1,-77.1,-322.59,abs,76.887,13.619,40.764,8.387,20.638,0.0,82.247,0.0,0.0,0.0,0.0,0.0,0.0,149.318
2909,c089,water,H3O2,-1,-86.9,-363.59,abs,32.154,0.0,0.0,0.0,39.717,0.0,52.252,0.0,0.0,0.0,0.0,0.0,0.0,84.406
2910,c090,hydrogenperoxide,H3O3,-1,-82.3,-344.34,abs,26.576,0.0,0.0,0.0,27.919,0.0,98.208,0.0,0.0,0.0,0.0,0.0,0.0,95.299
2911,c091,hydroperoxylradical,H2O3,-1,-73.2,-306.27,abs,16.159,0.0,0.0,0.0,20.661,0.0,112.47,0.0,0.0,0.0,0.0,0.0,0.0,93.677
2912,c111,hydrogensulfide,H3O1S1,-1,-65.5,-274.05,abs,34.156,0.0,0.0,0.0,24.189999999999998,0.0,26.233,0.0,0.0,0.0,0.0,0.0,55.346000000000004,103.904
2913,c114,hydrofluoricacid,H2O1F1,-1,-85.5,-357.73,abs,17.687,0.0,0.0,0.0,21.036,0.0,26.066,0.0,33.836,0.0,0.0,0.0,0.0,77.589
2914,c115,hydrochloricacid,H2O1CL1,-1,-67.5,-282.42,abs,19.594,0.0,0.0,0.0,23.862000000000002,0.0,26.214,0.0,0.0,49.957,0.0,0.0,0.0,95.765
2915,c116,hydrobromicacid,H2O1BR1,-1,-63.2,-264.43,abs,20.25,0.0,0.0,0.0,24.694000000000003,0.0,26.235,0.0,0.0,0.0,55.881,0.0,0.0,102.365
2916,c121,"2,2,2-trifluoroethanol",H4C2O2F3,-1,-68.0,-284.51,abs,39.391,5.4,15.482,3.321,20.523,0.0,48.815999999999995,0.0,114.08500000000001,0.0,0.0,0.0,0.0,155.396
2917,c122,"1,1,1,3,3,3-hexafluoropropan-2-ol",H3C3O2F6,-1,-61.6,-257.73,abs,23.782,2.521,7.517,2.329,15.703,0.0,47.692,0.0,200.452,0.0,0.0,0.0,0.0,186.389
2918,i001,acetylene,H1C2,-1,-76.5,-320.08,abs,12.747,62.484,8.685,76.83500000000001,0.0,0.0,0.0,0.0,0.0,0.0,0.0,0.0,0.0,75.231
2919,i041,acetonitrile,H2C2N1,-1,-66.6,-278.65,abs,25.788,38.537,17.473,25.946,0.0,0.0,0.0,61.449,0.0,0.0,0.0,0.0,0.0,92.234
2920,i043,cyanamide,H1C1N2,-1,-72.2,-302.08,abs,13.866,21.93,0.0,0.0,0.0,9.685,0.0,122.076,0.0,0.0,0.0,0.0,0.0,84.118
2921,i044,aniline,H6C6N1,-1,-62.9,-263.17,abs,75.346,60.559,42.636,80.535,0.0,8.532,0.0,47.215,0.0,0.0,0.0,0.0,0.0,155.573
2922,i045,diphenylamine,H10C12N1,-1,-54.6,-228.45,abs,120.36,113.962,81.383,152.161,0.0,0.0,0.0,52.001,0.0,0.0,0.0,0.0,0.0,245.77
2923,i046,hydrogencyanide,C1N1,-1,-70.2,-293.72,abs,0.0,38.844,0.0,0.0,0.0,0.0,0.0,65.209,0.0,0.0,0.0,0.0,0.0,66.699
2924,i058,formicacid,H1C1O2,-1,-76.2,-318.82,abs,13.555,14.642,8.928,0.0,0.0,0.0,100.921,0.0,0.0,0.0,0.0,0.0,0.0,82.538
2925,i059,aceticacid,H3C2O2,-1,-77.6,-324.68,abs,37.592,18.929,25.322,11.326,0.0,0.0,90.965,0.0,0.0,0.0,0.0,0.0,0.0,108.442
2926,i060,propanoicacid,H5C3O2,-1,-76.2,-318.82,abs,61.267,21.532,41.239,15.547,0.0,0.0,86.282,0.0,0.0,0.0,0.0,0.0,0.0,131.843
2927,i061,hexanoicacid,H11C6O2,-1,-74.6,-312.13,abs,126.835,29.45,85.317,25.033,0.0,0.0,86.19800000000001,0.0,0.0,0.0,0.0,0.0,0.0,205.249
2928,i062,acrylicacid,H3C3O2,-1,-74.0,-309.62,abs,35.885,37.14,24.243,31.584,0.0,0.0,87.69,0.0,0.0,0.0,0.0,0.0,0.0,122.658
2929,i063,pyruvicacid,H3C3O3,-1,-68.5,-286.6,abs,36.097,23.553,24.325,18.053,0.0,0.0,130.424,0.0,0.0,0.0,0.0,0.0,0.0,136.111
2930,i064,benzoicacid,H5C7O2,-1,-71.2,-297.9,abs,59.171,68.34,40.013,88.298,0.0,0.0,83.244,0.0,0.0,0.0,0.0,0.0,0.0,174.164
2931,i065,methanol,H3C1O1,-1,-95.0,-397.48,abs,40.603,11.733,26.769,0.0,0.0,0.0,37.736000000000004,0.0,0.0,0.0,0.0,0.0,0.0,80.278
2932,i066,ethanol,H5C2O1,-1,-90.7,-379.49,abs,64.484,15.346,43.003,9.193,0.0,0.0,36.492,0.0,0.0,0.0,0.0,0.0,0.0,106.567
2933,i067,1-propanol,H7C3O1,-1,-88.3,-369.45,abs,85.194,18.519,56.956,13.648,0.0,0.0,36.712,0.0,0.0,0.0,0.0,0.0,0.0,130.449
2934,i068,isopropanol,H7C3O1,-1,-86.3,-361.08,abs,85.71,18.803,57.443,12.545,0.0,0.0,34.565,0.0,0.0,0.0,0.0,0.0,0.0,129.828
2935,i069,2-butanol,H9C4O1,-1,-84.2,-352.29,abs,106.687,22.428,71.541,16.57,0.0,0.0,31.306,0.0,0.0,0.0,0.0,0.0,0.0,152.096
2936,i070,t-butanol,H9C4O1,-1,-82.3,-344.34,abs,104.454,22.006,70.231,13.241,0.0,0.0,31.939,0.0,0.0,0.0,0.0,0.0,0.0,150.158
2937,i071,allylalcohol,H5C3O1,-1,-86.6,-362.33,abs,61.999,33.202,41.481,28.207,0.0,0.0,35.876000000000005,0.0,0.0,0.0,0.0,0.0,0.0,121.9
2938,i072,benzylalcohol,H7C7O1,-1,-85.1,-356.06,abs,85.299,64.261,57.247,85.021,0.0,0.0,32.988,0.0,0.0,0.0,0.0,0.0,0.0,173.348
2939,i073,2-methoxyethanol,H7C3O2,-1,-89.4,-374.05,abs,84.889,19.611,56.72,5.627,0.0,0.0,49.876,0.0,0.0,0.0,0.0,0.0,0.0,144.125
2940,i074,phenol,H5C6O1,-1,-71.9,-300.83,abs,64.151,61.069,43.345,81.212,0.0,0.0,40.438,0.0,0.0,0.0,0.0,0.0,0.0,151.222
2941,i075,2-methylphenol,H7C7O1,-1,-70.2,-293.72,abs,85.39,64.092,57.591,82.618,0.0,0.0,36.237,0.0,0.0,0.0,0.0,0.0,0.0,172.863
2942,i076,3-methylphenol,H7C7O1,-1,-71.1,-297.48,abs,85.536,63.399,57.698,81.233,0.0,0.0,40.449,0.0,0.0,0.0,0.0,0.0,0.0,174.92
2943,i077,4-methylphenol,H7C7O1,-1,-72.0,-301.25,abs,85.711,63.445,57.768,81.344,0.0,0.0,40.446,0.0,0.0,0.0,0.0,0.0,0.0,175.203
2944,i078,"1,2-ethanediol",H5C2O2,-1,-85.3,-356.9,abs,64.008,10.263,33.548,6.232,9.773,0.0,53.955999999999996,0.0,0.0,0.0,0.0,0.0,0.0,119.284
2945,i080,3-hydroxyphenol,H5C6O2,-1,-73.8,-308.78,abs,60.795,56.267,33.337,74.831,8.195,0.0,61.301,0.0,0.0,0.0,0.0,0.0,0.0,161.945
2946,i081,4-hydroxyphenol,H5C6O2,-1,-77.6,-324.68,abs,61.173,56.134,33.386,74.722,8.393,0.0,60.07,0.0,0.0,0.0,0.0,0.0,0.0,162.442
2947,i082,methylhydroperoxide,H3C1O2,-1,-93.2,-389.95,abs,38.549,10.322,25.811,0.0,0.0,0.0,77.775,0.0,0.0,0.0,0.0,0.0,0.0,94.803
2948,i083,ethylhydroperoxide,H5C2O2,-1,-89.2,-373.21,abs,63.01,13.613,42.314,8.357,0.0,0.0,74.643,0.0,0.0,0.0,0.0,0.0,0.0,120.822
2949,i084,acetaldehyde,H3C2O1,-1,-76.5,-320.08,abs,38.998,30.261,26.196,20.416,0.0,0.0,42.211,0.0,0.0,0.0,0.0,0.0,0.0,96.42
2950,i085,acetone,H5C3O1,-1,-76.2,-318.82,abs,60.722,33.986,40.955,26.469,0.0,0.0,40.064,0.0,0.0,0.0,0.0,0.0,0.0,120.603
2951,i086,3-pentanone,H9C5O1,-1,-73.7,-308.36,abs,106.422,39.927,71.589,38.328,0.0,0.0,32.81,0.0,0.0,0.0,0.0,0.0,0.0,167.761
2952,i089,water,H1O1,-1,-104.7,-438.06,abs,15.033,0.0,0.0,0.0,10.724,0.0,36.028,0.0,0.0,0.0,0.0,0.0,0.0,51.061
2953,i090,hydrogenperoxide,H1O2,-1,-97.3,-407.1,abs,13.787,0.0,0.0,0.0,9.849,0.0,88.227,0.0,0.0,0.0,0.0,0.0,0.0,68.316
2954,i091,hydroperoxylradical,O2,-1,-83.3,-348.53,abs,0.0,0.0,0.0,0.0,0.0,0.0,104.622,0.0,0.0,0.0,0.0,0.0,0.0,62.248
2955,i100,2-nitrophenol,H4C6N1O3,-1,-60.1,-251.46,abs,47.893,56.448,32.397,74.907,0.0,0.0,111.98600000000002,11.779,0.0,0.0,0.0,0.0,0.0,178.723
2956,i101,3-nitrophenol,H4C6N1O3,-1,-61.9,-258.99,abs,45.904,55.467,31.07,73.791,0.0,0.0,118.718,11.902,0.0,0.0,0.0,0.0,0.0,180.34
2957,i102,4-nitrophenol,H4C6N1O3,-1,-57.8,-241.84,abs,45.765,55.497,30.97,73.721,0.0,0.0,118.899,11.952,0.0,0.0,0.0,0.0,0.0,180.191
2958,i103,nitromethane,H2C1N1O2,-1,-76.5,-320.08,abs,24.486,19.022,16.636,0.0,0.0,0.0,85.906,18.422,0.0,0.0,0.0,0.0,0.0,102.236
2959,i104,4-nitroaniline,H5C6N2O2,-1,-57.4,-240.16,abs,56.976,54.886,30.295,72.906,0.0,8.502,78.025,58.601,0.0,0.0,0.0,0.0,0.0,184.538
2960,i105,acetamide,H4C2N1O1,-1,-80.2,-335.56,abs,50.579,18.205,25.17,11.076,0.0,9.199,39.765,57.404999999999994,0.0,0.0,0.0,0.0,0.0,113.594
2961,i107,methanethiol,H3C1S1,-1,-73.8,-308.78,abs,38.881,10.674,26.145,0.0,0.0,0.0,0.0,0.0,0.0,0.0,0.0,0.0,44.427,93.982
2962,i108,ethanethiol,H5C2S1,-1,-71.8,-300.41,abs,63.03,13.906,42.377,8.519,0.0,0.0,0.0,0.0,0.0,0.0,0.0,0.0,42.398,119.335
2963,i109,1-propanethiol,H7C3S1,-1,-70.5,-294.97,abs,84.72,16.679,56.97,12.415,0.0,0.0,0.0,0.0,0.0,0.0,0.0,0.0,42.368,143.767
2964,i110,thiophenol,H5C6S1,-1,-63.4,-265.27,abs,63.071,59.119,42.642,79.011,0.0,0.0,0.0,0.0,0.0,0.0,0.0,0.0,41.414,163.604
2965,i111,hydrogensulfide,H1S1,-1,-72.1,-301.67,abs,14.291,0.0,0.0,0.0,0.0,0.0,0.0,0.0,0.0,0.0,0.0,0.0,62.302,65.719
2966,i113,dimethylsulfoxide,H5C2O1S1,-1,-67.7,-283.26,abs,61.06,26.049,41.16,0.0,0.0,0.0,25.964,0.0,0.0,0.0,0.0,0.0,32.545,129.774
2967,i114,hydrofluoricacid,F1,-1,-104.4,-436.81,abs,0.0,0.0,0.0,0.0,0.0,0.0,0.0,0.0,43.943,0.0,0.0,0.0,0.0,43.943
2968,i115,hydrochloricacid,CL1,-1,-74.5,-311.71,abs,0.0,0.0,0.0,0.0,0.0,0.0,0.0,0.0,0.0,58.088,0.0,0.0,0.0,58.088
2969,i116,hydrobromicacid,BR1,-1,-68.3,-285.77,abs,0.0,0.0,0.0,0.0,0.0,0.0,0.0,0.0,0.0,0.0,63.617,0.0,0.0,63.617
2970,i117,chloroform,C1CL3,-1,-54.1,-226.35,abs,0.0,14.195,0.0,0.0,0.0,0.0,0.0,0.0,0.0,178.298,0.0,0.0,0.0,128.114
2971,i118,trifluoroaceticacid,C2O2F3,-1,-59.3,-248.11,abs,0.0,9.943,0.0,5.848,0.0,0.0,87.99,0.0,114.9,0.0,0.0,0.0,0.0,127.623
2972,i119,chloroaceticacid,H2C2O2CL1,-1,-69.7,-291.62,abs,24.478,13.882,16.532,8.257,0.0,0.0,88.646,0.0,0.0,62.786,0.0,0.0,0.0,127.347
2973,i120,dichloroaceticacid,H1C2O2CL2,-1,-62.3,-260.66,abs,11.365,9.197,7.691,5.368,0.0,0.0,86.907,0.0,0.0,121.761,0.0,0.0,0.0,145.668
2974,i121,"2,2,2-trifluoroethanol",H2C2O1F3,-1,-77.5,-324.26,abs,24.558,6.271,16.226,3.828,0.0,0.0,36.476,0.0,116.007,0.0,0.0,0.0,0.0,125.684
2975,i122,"1,1,1,3,3,3-hexafluoropropan-2-ol",H1C3O1F6,-1,-65.5,-274.05,abs,11.217,2.603,7.412,2.449,0.0,0.0,33.528999999999996,0.0,212.1,0.0,0.0,0.0,0.0,162.867
2976,i123,2-chlorophenol,H4C6O1CL1,-1,-66.1,-276.56,abs,50.46,56.045,34.116,74.596,0.0,0.0,38.166,0.0,0.0,61.477000000000004,0.0,0.0,0.0,168.525
2977,i124,4-chlorophenol,H4C6O1CL1,-1,-66.0,-276.14,abs,49.619,55.18,33.546,73.433,0.0,0.0,40.552,0.0,0.0,63.641999999999996,0.0,0.0,0.0,169.95
2978,c047,ammonia,H6N1O1,1,-74.6,-312.13,abs,79.16,0.0,0.0,0.0,45.096999999999994,34.295,16.71,7.065,0.0,0.0,0.0,0.0,0.0,102.935
2979,c050,methanol,H7C1O2,1,-76.6,-320.49,abs,84.908,11.863,25.917,0.0,71.17500000000001,0.0,25.599,0.0,0.0,0.0,0.0,0.0,0.0,122.371
2980,c051,ethanol,H9C2O2,1,-73.6,-307.94,abs,108.063,14.636,42.394,9.144,69.11500000000001,0.0,25.193,0.0,0.0,0.0,0.0,0.0,0.0,147.892
2981,c052,dimethylether,H9C2O2,1,-66.3,-277.4,abs,104.139,21.529,49.173,0.0,49.86,0.0,22.066,0.0,0.0,0.0,0.0,0.0,0.0,147.734
2982,c053,diethylether,H13C4O2,1,-62.2,-260.24,abs,148.001,27.529,78.849,17.165,47.828,0.0,16.499,0.0,0.0,0.0,0.0,0.0,0.0,192.029
2983,c054,acetone,H9C3O2,1,-66.3,-277.4,abs,102.421,25.654,47.347,20.503,50.474,0.0,39.513,0.0,0.0,0.0,0.0,0.0,0.0,158.024
2984,c056,acetophenone,H11C8O2,1,-55.7,-233.05,abs,118.606,73.215,58.882,95.218,45.715,0.0,36.884,0.0,0.0,0.0,0.0,0.0,0.0,220.168
2985,c088,water,H5O2,1,-87.8,-367.36,abs,62.732,0.0,0.0,0.0,108.303,0.0,30.985,0.0,0.0,0.0,0.0,0.0,0.0,93.717
2986,i003,methylamine,H6C1N1,1,-76.4,-319.66,abs,81.428,10.952,26.15,0.0,0.0,29.736,0.0,18.353,0.0,0.0,0.0,0.0,0.0,95.589
2987,i004,n-propylamine,H10C3N1,1,-71.5,-299.16,abs,125.14,16.537,57.0,12.518,0.0,28.229,0.0,12.87,0.0,0.0,0.0,0.0,0.0,144.464
2988,i005,isopropylamine,H10C3N1,1,-69.6,-291.21,abs,121.575,17.711,56.126,11.793,0.0,26.648,0.0,9.476,0.0,0.0,0.0,0.0,0.0,141.615
2989,i006,tert-butylamine,H12C4N1,1,-67.3,-281.58,abs,136.826,21.346,68.136,13.158,0.0,24.85,0.0,6.798,0.0,0.0,0.0,0.0,0.0,160.067
2990,i007,cyclohexanamine,H14C6N1,1,-68.7,-287.44,abs,165.156,18.993,85.524,23.284,0.0,26.515,0.0,9.405,0.0,0.0,0.0,0.0,0.0,186.533
2991,i008,allylamine,H8C3N1,1,-72.0,-301.25,abs,102.736,30.798,41.506,26.704,0.0,28.738,0.0,13.548,0.0,0.0,0.0,0.0,0.0,136.358
2992,i009,dimethylamine,H8C2N1,1,-68.6,-287.02,abs,99.434,19.473,49.457,0.0,0.0,18.245,0.0,16.985,0.0,0.0,0.0,0.0,0.0,119.899
2993,i010,diethylamine,H12C4N1,1,-63.4,-265.27,abs,141.593,26.485,80.865,16.406,0.0,15.07,0.0,5.789,0.0,0.0,0.0,0.0,0.0,168.38
2994,i011,di-n-propylamine,H16C6N1,1,-60.5,-253.13,abs,185.497,31.37,110.547,23.963,0.0,14.92,0.0,4.992,0.0,0.0,0.0,0.0,0.0,217.185
2995,i012,diallylamine,H12C6N1,1,-61.6,-257.73,abs,140.957,59.776,79.683,52.245000000000005,0.0,15.992,0.0,5.843,0.0,0.0,0.0,0.0,0.0,201.037
2996,i013,trimethylamine,H10C3N1,1,-61.1,-255.64,abs,114.23,25.78,69.175,0.0,0.0,8.198,0.0,11.297,0.0,0.0,0.0,0.0,0.0,140.083
2997,i014,triethylamine,H16C6N1,1,-54.6,-228.45,abs,168.003,36.296,108.75,22.468,0.0,4.671,0.0,3.685,0.0,0.0,0.0,0.0,0.0,204.299
2998,i015,tri-n-propylamine,H22C9N1,1,-50.9,-212.97,abs,230.839,42.69,151.107,31.746,0.0,4.59,0.0,2.866,0.0,0.0,0.0,0.0,0.0,273.549
2999,i018,aniline,H8C6N1,1,-72.4,-302.92,abs,102.471,59.154,42.363,79.477,0.0,27.746,0.0,8.631,0.0,0.0,0.0,0.0,0.0,164.476
3000,i019,2-methylaniline,H10C7N1,1,-70.3,-294.14,abs,118.08,62.305,55.549,81.108,0.0,24.938,0.0,8.231,0.0,0.0,0.0,0.0,0.0,183.053
3001,i020,3-methylaniline,H10C7N1,1,-69.6,-291.21,abs,123.856,61.497,56.755,79.418,0.0,27.719,0.0,8.629,0.0,0.0,0.0,0.0,0.0,188.203
3002,i021,4-methylaniline,H10C7N1,1,-69.8,-292.04,abs,123.59,61.668,56.509,79.557,0.0,27.784,0.0,8.634,0.0,0.0,0.0,0.0,0.0,188.106
3003,i023,3-aminoaniline,H9C6N2,1,-65.8,-275.31,abs,113.486,54.049,32.116,72.489,0.0,46.095,0.0,34.713,0.0,0.0,0.0,0.0,0.0,180.471
3004,i024,N-methylaniline,H10C7N1,1,-62.6,-261.92,abs,121.318,65.745,66.331,75.053,0.0,16.171,0.0,11.203,0.0,0.0,0.0,0.0,0.0,187.911
3005,i025,N-ethylaniline,H12C8N1,1,-62.2,-260.24,abs,142.467,69.127,82.046,83.236,0.0,14.621,0.0,6.603,0.0,0.0,0.0,0.0,0.0,212.108
3006,i026,"N,N-dimethylaniline",H12C8N1,1,-57.2,-239.32,abs,134.834,71.315,84.885,72.964,0.0,6.449,0.0,8.385,0.0,0.0,0.0,0.0,0.0,206.196
3007,i027,"4-methyl-N,N-dimethylaniline",H14C9N1,1,-55.9,-233.89,abs,156.384,73.58,99.325,72.81,0.0,6.482,0.0,8.402000000000001,0.0,0.0,0.0,0.0,0.0,230.011
3008,i028,"N,N-diethylaniline",H16C10N1,1,-54.0,-225.94,abs,175.141,72.005,113.484,79.576,0.0,4.911,0.0,2.825,0.0,0.0,0.0,0.0,0.0,247.154
3009,i029,1-aminonaphthalene,H10C10N1,1,-67.4,-282.0,abs,119.482,90.114,56.139,127.971,0.0,25.408,0.0,8.274,0.0,0.0,0.0,0.0,0.0,212.279
3010,i030,aziridine,H6C2N1,1,-70.9,-296.65,abs,79.669,22.739,34.762,14.51,0.0,19.801,0.0,51.751999999999995,0.0,0.0,0.0,0.0,0.0,107.067
3011,i031,azetidine,H8C3N1,1,-67.7,-283.26,abs,104.155,22.191,51.848,17.784,0.0,19.101,0.0,25.017000000000003,0.0,0.0,0.0,0.0,0.0,128.62
3012,i032,pyrrolidine,H10C4N1,1,-66.0,-276.14,abs,125.027,21.368,67.013,19.243,0.0,17.922,0.0,15.766,0.0,0.0,0.0,0.0,0.0,147.737
3013,i033,piperidine,H12C5N1,1,-64.2,-268.61,abs,143.948,20.549,80.487,20.023,0.0,17.053,0.0,11.068999999999999,0.0,0.0,0.0,0.0,0.0,165.391
3014,i034,azacycloheptane,H14C6N1,1,-63.3,-264.85,abs,158.466,22.575,91.779,22.479,0.0,15.49,0.0,11.544,0.0,0.0,0.0,0.0,0.0,182.0
3015,i035,pyrrole,H6C4N1,1,-61.4,-256.9,abs,79.186,44.814,43.611,45.823,0.0,10.222,0.0,48.191,0.0,0.0,0.0,0.0,0.0,129.87
3016,i036,pyridine,H6C5N1,1,-61.1,-255.64,abs,78.248,57.551,43.602,60.802,0.0,9.688,0.0,33.486000000000004,0.0,0.0,0.0,0.0,0.0,140.86
3017,i037,quinoline,H8C9N1,1,-56.0,-234.3,abs,99.402,88.386,58.94,113.82,0.0,8.62,0.0,30.204,0.0,0.0,0.0,0.0,0.0,192.854
3018,i039,piperazine,H11C4N2,1,-66.0,-276.14,abs,134.253,18.113,64.853,11.19,0.0,26.46,0.0,77.522,0.0,0.0,0.0,0.0,0.0,160.135
3019,i040,acetonitrile,H4C2N1,1,-75.3,-315.06,abs,53.082,30.402,25.653,19.818,0.0,10.483,0.0,43.583,0.0,0.0,0.0,0.0,0.0,100.873
3020,i047,ammonia,H4N1,1,-85.2,-356.48,abs,60.463,0.0,0.0,0.0,0.0,42.063,0.0,7.076,0.0,0.0,0.0,0.0,0.0,67.539
3021,i048,hydrazine,H5N2,1,-84.6,-353.97,abs,72.157,0.0,0.0,0.0,0.0,83.236,0.0,16.512,0.0,0.0,0.0,0.0,0.0,88.669
3022,i050,methanol,H5C1O1,1,-93.0,-389.11,abs,67.292,12.381,26.02,0.0,34.989,0.0,10.334,0.0,0.0,0.0,0.0,0.0,0.0,90.007
3023,i051,ethanol,H7C2O1,1,-88.4,-369.87,abs,90.266,15.083,42.404,9.462,33.292,0.0,9.681,0.0,0.0,0.0,0.0,0.0,0.0,115.03
3024,i052,dimethylether,H7C2O1,1,-79.7,-333.46,abs,86.144,22.159,49.317,0.0,9.346,0.0,6.809,0.0,0.0,0.0,0.0,0.0,0.0,115.111
3025,i053,diethylether,H11C4O1,1,-71.5,-299.16,abs,131.164,28.061,81.63,17.539,7.189,0.0,5.491,0.0,0.0,0.0,0.0,0.0,0.0,164.716
3026,i054,acetone,H7C3O1,1,-77.1,-322.59,abs,85.24,25.476,49.134,20.429,8.706,0.0,26.253999999999998,0.0,0.0,0.0,0.0,0.0,0.0,127.771
3027,i056,acetophenone,H9C8O1,1,-64.5,-269.87,abs,100.328,72.972,61.717,94.927,6.409,0.0,25.308,0.0,0.0,0.0,0.0,0.0,0.0,190.129
3028,i088,water,H3O1,1,-110.3,-461.5,abs,45.632,0.0,0.0,0.0,78.217,0.0,15.377,0.0,0.0,0.0,0.0,0.0,0.0,61.008
3029,i093,4-methoxyaniline,H10C7N1O1,1,-71.2,-297.9,abs,120.93,62.533,54.689,70.782,0.0,27.826,16.655,8.61,0.0,0.0,0.0,0.0,0.0,198.477
3030,i094,4-nitroaniline,H7C6N2O2,1,-75.9,-317.57,abs,84.135,53.582,29.938,72.087,0.0,27.748,77.906,20.519,0.0,0.0,0.0,0.0,0.0,193.344
3031,i095,morpholine,H10C4N1O1,1,-69.6,-291.21,abs,121.012,19.309,64.813,11.91,0.0,17.27,14.373999999999999,11.902,0.0,0.0,0.0,0.0,0.0,155.027
3032,i098,acetamide,H6C2N1O1,1,-73.9,-309.2,abs,75.515,17.882,24.559,11.368,9.14,18.347,25.586,31.623,0.0,0.0,0.0,0.0,0.0,120.433
3033,i099,benzamide,H8C7N1O1,1,-67.2,-281.16,abs,94.801,65.764,39.755,86.258,8.951,16.453,21.507,31.197,0.0,0.0,0.0,0.0,0.0,184.905
3034,i106,dimethylsulfide,H7C2S1,1,-64.5,-269.87,abs,86.873,19.978,49.5,0.0,0.0,0.0,0.0,0.0,0.0,0.0,0.0,0.0,32.14,127.327
3035,i112,dimethylsulfoxide,H7C2O1S1,1,-67.7,-283.26,abs,85.666,18.536,48.37,0.0,9.917,0.0,16.361,0.0,0.0,0.0,0.0,0.0,32.543000000000006,137.588
3036,i125,3-chloroaniline,H7C6N1CL1,1,-74.7,-312.54,abs,88.085,53.109,32.622,71.365,0.0,27.746,0.0,8.638,0.0,63.624,0.0,0.0,0.0,182.699
3037,i126,4-chloroaniline,H7C6N1CL1,1,-74.1,-310.03,abs,88.146,53.13,32.616,71.403,0.0,27.793,0.0,8.616,0.0,63.577999999999996,0.0,0.0,0.0,182.737
